SourceTagName,TargetTagName
"windows-forms","winforms"
"c-sharp","c#"
"hg","mercurial"
"dotnet",".net"
"threading","multithreading"
"multithread","multithreading"
"rails","ruby-on-rails"
"js","javascript"
"vc++","visual-c++"
"source-control","version-control"
"blog","blogs"
"ui","user-interface"
"vs2008","visual-studio-2008"
"vs2005","visual-studio-2005"
"vs2010","visual-studio-2010"
"primary-keys","primary-key"
"foreign-key","foreign-keys"
"postgres","postgresql"
"macosx","macos"
"j2me","java-me"
"ie","internet-explorer"
"msie","internet-explorer"
"applets","applet"
"ejb-3","ejb-3.0"
"glassfish-v3","glassfish-3"
"java-5.0","java-5"
"java-6.0","java-6"
"java-7.0","java-7"
"jee","jakarta-ee"
"jee-5","java-ee-5"
"jee-6","java-ee-6"
"java.io","java-io"
"jpa-2","jpa-2.0"
"jsf2.0","jsf-2"
"jsp-tag","jsp-tags"
"jsp-tag-files","jsp-tags"
"jsp-fragment","jsp-fragments"
"jsp-f","jsp-fragments"
"jspf","jsp-fragments"
"servlet","servlets"
"servlet-filter","servlet-filters"
"tomcat-5","tomcat-5.0"
"tomcat-6","tomcat-6.0"
"weblogic-8","weblogic-8.x"
"weblogic-8.1","weblogic-8.x"
"weblogic-10","weblogic-10.x"
"weblogic10.x","weblogic-10.x"
"weblogic-11","weblogic-11g"
"eclipse-ganymede","eclipse-3.4"
"eclipse-galileo","eclipse-3.5"
"eclipse-helios","eclipse-3.6"
"msvc++","visual-c++"
"msvc","visual-c++"
"team-system","visual-studio-team-system"
"visual-web","visual-web-developer"
"algorithms","algorithm"
"ai","artificial-intelligence"
"astar","a-star"
"baseclasses","base-class"
"batch-process","batch-processing"
"bit-field","bit-fields"
"code-snippet","code-snippets"
"snippets","code-snippets"
"snippet","code-snippets"
"code-style","coding-style"
"programming-style","coding-style"
"xsrf","csrf"
"dal","data-access-layer"
"di","dependency-injection"
"discussions","discussion"
"discuss","discussion"
"conversation","discussion"
"conversations","discussion"
"ddd","domain-driven-design"
"drag-drop","drag-and-drop"
"dont-repeat-yourself","dry"
"daylight-savings","dst"
"daylight-savings-time","dst"
"daylight","dst"
"duplicate","duplicates"
"fix","fix-protocol"
"font","fonts"
"fractal","fractals"
"programming-history","history"
"icon","icons"
"if","if-statement"
"inheritence","inheritance"
"i18n","internationalization"
"ioc","inversion-of-control"
"interprocess-communicatio","ipc"
"key-binding","key-bindings"
"licence","licensing"
"licences","licensing"
"licence-agreement","licensing"
"licence-agreements","licensing"
"license","licensing"
"licenses","licensing"
"license-agreement","licensing"
"license-agreements","licensing"
"l10n","localization"
"liskov-substitution","liskov-substitution-principle"
"mac-addr","mac-address"
"marshaling","marshalling"
"marshal","marshalling"
"method-chains","method-chaining"
"method-chain","method-chaining"
"operator","operator-keyword"
"plugin","plugins"
"regexp","regex"
"regular-expression","regex"
"regular-expressions","regex"
"single-responsibility","single-responsibility-principle"
"template","templates"
"ux","user-experience"
"units-of-measure","units-of-measurement"
"units","units-of-measurement"
"windows-api","winapi"
"asp-net","asp.net"
"asp-net-mvc","asp.net-mvc"
"asp-net-mvc2","asp.net-mvc-2"
"asp.net-mvc2","asp.net-mvc-2"
"mvc2","asp.net-mvc-2"
"c#.net","c#"
"ef","entity-framework"
"ef4","entity-framework-4"
"window-form","winforms"
"windows-form","winforms"
"window-forms","winforms"
"windows-form-designer","windows-forms-designer"
"app.config","app-config"
"bdb","berkeley-db"
"bdbje","berkeley-db-je"
"clustered-indexing","clustered-index"
"cte","common-table-expression"
"multiple-primary-keys","composite-primary-key"
"databases","database"
"data-warehousing","data-warehouse"
"embedded-db","embedded-database"
"oracle10g-express","oracle-xe"
"oracle-express","oracle-xe"
"mssql","sql-server"
"sql-express","sql-server-express"
"sql-compact","sql-server-ce"
"sql-server-compact","sql-server-ce"
"sql-mobile","sql-server-ce"
"stored-procedure","stored-procedures"
"sproc","stored-procedures"
"subqueries","subquery"
"os","operating-system"
"operating-systems","operating-system"
"macos10.6","osx-snow-leopard"
"snow-leopard","osx-snow-leopard"
"wince","windows-ce"
"win2k3","windows-server-2003"
"server-2003","windows-server-2003"
"win2k8","windows-server-2008"
"vista","windows-vista"
"winxp","windows-xp"
"win7","windows-7"
"windows-7-api","windows-7"
"team-foundation-server","tfs"
"team-foundation","tfs"
"team-foundation-build","tfsbuild"
"revision-control","version-control"
"scm","version-control"
"source-code-management","version-control"
"vss","visual-sourcesafe"
"as3","actionscript-3"
"adobe-flex","apache-flex"
"adobe-flex-2","flex-2"
"golang","go"
"go-language","go"
"chrome","google-chrome"
"ie6","internet-explorer-6"
"ie7","internet-explorer-7"
"ie8","internet-explorer-8"
"ie9","internet-explorer-9"
"weblogic-9","weblogic-9.x"
"timezones","timezone"
"timezoneinfo","timezone"
"web.config","web-config"
"transact-sql","t-sql"
"chrome-os","google-chrome-os"
".hgignore","hgignore"
"multi-threaded","multithreading"
"h264","h.264"
"msil","cil"
"aws","amazon-web-services"
"redemption","outlook-redemption"
"vs2008sp1","visual-studio-2008-sp1"
"ios-4.0","ios4"
"google-maps-v3","google-maps-api-3"
"android-mobile","android"
"google-maps-api","google-maps"
"python-2","python-2.x"
"wf","workflow-foundation"
"subversion","svn"
"wf-4","workflow-foundation-4"
"rstats","r"
"windows-sidebar","windows-desktop-gadgets"
"server-2008","windows-server-2008"
"vs.net","visual-studio"
"socket","sockets"
"socket-programming","sockets"
"my-sql","mysql"
"restful","rest"
"microsoft-office","ms-office"
".net4",".net-4.0"
"asp.mvc","asp.net-mvc"
"winform","winforms"
"ce","windows-ce"
"fourier-transform","fft"
"objc","objective-c"
"accessviolationexception","access-violation"
"stlstring","stdstring"
"macro","macros"
"array","arrays"
"event","events"
"variable","variables"
"loop","loops"
"method","methods"
"pointer","pointers"
"password","passwords"
"namespace","namespaces"
"tag","tags"
"parameter","parameters"
"delegate","delegates"
"resource","resources"
"collection","collections"
"number","numbers"
"transaction","transactions"
"protocol","protocols"
"theme","themes"
"notification","notifications"
"container","containers"
"warning","warnings"
"tool","tools"
"filename","filenames"
"tutorial","tutorials"
"permission","permissions"
"annotation","annotations"
"web-service","web-services"
"web-application","web-applications"
"memory-leak","memory-leaks"
"custom-control","custom-controls"
"crystal-report","crystal-reports"
"windows-service","windows-services"
"data-structure","data-structures"
"connectionstrings","connection-string"
"orderby","sql-order-by"
"mime-type","mime-types"
"dict","dictionary"
"reporting-service","reporting-services"
"javascript-event","javascript-events"
"javascriptobject","javascript-objects"
"cascading-style-sheet","css"
"windows-scripting-host","wsh"
"ms-excel","excel"
"microsoft-office-outlook","outlook"
"microsoft-word","ms-word"
"searching","search"
"question","questions"
"visualisation","visualization"
"images","image"
"disks","disk"
"behaviors","behavior"
"behaviour","behavior"
"behaviours","behavior"
"nullable-types","nullable"
"vc6","visual-c++-6"
"http-status-code","http-status-codes"
"struts-2","struts2"
"pthread","pthreads"
"laziness","lazy-evaluation"
"lazy","lazy-evaluation"
"netbeans-plugin","netbeans-plugins"
"parser","parsing"
"parsers","parsing"
"parse","parsing"
"testdrivendevelopment","tdd"
"roo","spring-roo"
"fsharp","f#"
"wf4.0","workflow-foundation-4"
"intellij","intellij-idea"
"unit-test","unit-testing"
"scripts","scripting"
"htaccess",".htaccess"
"regexes","regex"
"wp7","windows-phone-7"
"zf","zend-framework"
"os-development","osdev"
"jquery-plugin","jquery-plugins"
"object-oriented-design","oop"
"threads","multithreading"
"looping","loops"
"vista-gadget","windows-desktop-gadgets"
"vista-sidebar","windows-desktop-gadgets"
"firefox-extension","firefox-addon"
"closure","closures"
"ooxml","openxml"
"mspowerpoint","powerpoint"
"microsoft-powerpoint","powerpoint"
"ppt","powerpoint"
"pptx","powerpoint"
"microsoft-office-onenote","onenote"
"support-vector-machines","svm"
"perltidy","perl-tidy"
"perlcritic","perl-critic"
"quicktest-pro","qtp"
"django-formsets","django-forms"
"django-modelforms","django-forms"
"django-modelformsets","django-forms"
"django-queries","django-queryset"
"mscrm","dynamics-crm"
"microsoft-dynamics-crm","dynamics-crm"
"adobe-flash","flash"
"ungreedy","non-greedy"
"ttf","truetype"
"rst","restructuredtext"
"ms-sql-server","sql-server"
"sql2000","sql-server-2000"
"sql2005","sql-server-2005"
"mssql2005","sql-server-2005"
"sql2008","sql-server-2008"
"msie8","internet-explorer-8"
"question-colon","conditional-operator"
"dot-net",".net"
"coverage","code-coverage"
"anonymous-functions","anonymous-function"
"webspiders","web-crawler"
"web-spider","web-crawler"
"conversions","conversion"
"fourier","fft"
"moss-2007","sharepoint-2007"
"intents","android-intent"
"object-relational-mapping","orm"
"myphpadmin","phpmyadmin"
"rx","system.reactive"
"iobservable","system.reactive"
"iobserver","system.reactive"
"code-challenge","challenge"
"sort","sorting"
"ecmascript","javascript"
"python-3","python-3.x"
"py3k","python-3.x"
"python3k","python-3.x"
"recursive","recursion"
"branches","branch"
"branching","branch"
"ec2","amazon-ec2"
"s3","amazon-s3"
"sqs","amazon-sqs"
"simpledb","amazon-simpledb"
"windows-azure","azure"
"azure-tables","azure-table-storage"
"cloud-computing","cloud"
"breadcrumb","breadcrumbs"
"ms-velocity","appfabric"
"swing-worker","swingworker"
"netriaservices","wcf-ria-services"
"phpdocumentor","phpdoc"
"css-layout","css"
"entlib","enterprise-library"
"windows-powershell","powershell"
"algorithm-design","algorithm"
"mathematics","math"
"ssrs","reporting-services"
"ssrs-2005","reportingservices-2005"
"reportingservices-2008","ssrs-2008"
"sql-reporting-services","reporting-services"
"tif","tiff"
"cc.net","cruisecontrol.net"
"enum","enums"
"crystal","crystal-reports"
"emacs-lisp","elisp"
"browser-sniffing","browser-detection"
"quality-assurance","qa"
"refactor","refactoring"
"jboss-netty","netty"
"lightswitch","visual-studio-lightswitch"
"microsoft-lightswitch","visual-studio-lightswitch"
"vb-to-vb.net","vb6-migration"
"vb6-conversion","vb6-migration"
"vs-lightswitch","visual-studio-lightswitch"
"adobe-flex-3","flex3"
"apache-ant","ant"
"visual-basic-applications","vba"
".ini","ini"
".ajax","ajax"
".avi","avi"
"restful-web-services","rest"
"vcs","version-control"
"us-ascii","ascii"
"deadline","deadlines"
"code-smells","code-smell"
"google-nacl","google-nativeclient"
"nativeclient","google-nativeclient"
"permutations","permutation"
"windows-batch","batch-file"
"thread","multithreading"
"humor","fun"
"humour","fun"
"authorisation","authorization"
"globalisation","globalization"
"optimisation","optimization"
"localisation","localization"
"localize","localization"
"optimize","optimization"
"initialisation","initialization"
"initialize","initialization"
"deprecation","deprecated"
"gae","google-app-engine"
"framework","frameworks"
"g11n","globalization"
"t9n","translation"
"fulltext-searching","full-text-search"
".csv","csv"
".dll","dll"
"include-files","include"
"includes","include"
"shards","sharding"
"tab","tabs"
"browsers","browser"
"exceptions","exception"
"maths","math"
"domains","dns"
"career","stuck-tag-newbie-career-development"
"career-advice","stuck-tag-newbie-career-development"
"vbs","vbscript"
"peer-to-peer","p2p"
"open-source-projects","open-source"
"open-source-contribution","open-source"
".js","javascript"
"jsdebug","javascript-debugger"
"construct","construction"
"ctor","constructor"
"ctrl-c","copy-paste"
"ctrl-v","copy-paste"
"delay-loading","delay-load"
"delayed","delay"
"strongly-typed-datasets","strongly-typed-dataset"
"strong-name","strongname"
"strong-naming","strongname"
"custom-data-generator","data-generation"
"data-generators","data-generation"
"linq2nhibernate","linq-to-nhibernate"
"linq-entity-framework","entity-framework"
"dlinq","dynamic-linq"
"email-attachment","email-attachments"
"sql-to-linq","linq-to-sql"
"linq-to-object","linq-to-objects"
"garnet-os","palm-os"
"object-oriented","oop"
"wizards","wizard"
"spring-dm","springsource-dm-server"
"event-handler","event-handling"
"event-handlers","event-handling"
"acegi","spring-security"
"iphone-sdk","iphone"
"portable","portability"
"pgsql","postgresql"
"form","forms"
"iphone-os-4","ios4"
"iphone-os-4.0","ios4"
"iphone-os","ios"
"phone-numbers","phone-number"
"constructors","constructor"
"bitwise-operations","bitwise-operators"
"jquery-selector","jquery-selectors"
"backus-naur-form","bnf"
"primitives","primitive"
"hooking","hook"
"hooks","hook"
"yii-framework","yii"
"db","database"
"dcvs","dvcs"
"patches","patch"
"matrices","matrix"
"wwf","workflow-foundation"
"expression-engine","expressionengine"
"natural-language-process","nlp"
"natural-language","nlp"
"apache-derby","derby"
"jars","jar"
"immutable","immutability"
"llblgen","llblgenpro"
"callbacks","callback"
"lists","list"
"weld","jboss-weld"
"bzr","bazaar"
"vc9","visual-c++-2008"
"vb-classic","vb6"
"blogging","blogs"
"scraping","screen-scraping"
"keyboards","keyboard"
"codepage","codepages"
"spring-framework","spring"
"portlets","portlet"
"raphael-js","raphael"
"overload","overloading"
"subprocesses","subprocess"
"hsql","hsqldb"
"atomic-compare-and-swap","compare-and-swap"
"atomic-swap","compare-and-swap"
"sessions","session"
"use-cases","use-case"
"modules","module"
"python-modules","python-module"
"digital-signal-processing","signal-processing"
"machine-vision","computer-vision"
"x-window-system","x11"
"scc","version-control"
"source-code-control","version-control"
"sccs","version-control"
"gc","garbage-collection"
"windsor","castle-windsor"
"pos","point-of-sale"
"salesforce.com","salesforce"
"google-collections","guava"
"secure","security"
"fpc","freepascal"
"htmlhelp","chm"
"facebook-api","facebook"
"functions","function"
"jws","java-web-start"
"linking","linker"
"bash-script","bash"
"pci-compliance","pci-dss"
"makefiles","makefile"
"windows-identity-foundati","wif"
"mvc","model-view-controller"
"job","jobs"
"agile-development","agile"
"cookie","cookies"
"dotnetopenid","dotnetopenauth"
"async","asynchronous"
"myth-busting","myths"
"printer","printing"
"print","printing"
"network","network-programming"
"plotting","plot"
"mvc.net","asp.net-mvc"
"tcpip","tcp"
"compilers","compiler-construction"
"attribute","attributes"
"bug-reports","bug-reporting"
"buttons","button"
"browser-back-button","back-button"
"bytes","byte"
"feature","features"
"binary-trees","binary-tree"
"cryptographic","cryptography"
"c#-language","c#"
"vulnerability","security"
"vulnerabilities","security"
"wordpress-themes","wordpress-theming"
"jdbc-driver","jdbc"
"pointer-math","pointer-arithmetic"
"pointer-to-function","function-pointers"
"smart-pointer","smart-pointers"
"apache-cassandra","cassandra"
"javadocs","javadoc"
"non-determinism","non-deterministic"
"tpl","task-parallel-library"
"webapps","web-applications"
"webapp","web-applications"
"11g","oracle11g"
"college","university"
"webflow2","spring-webflow-2"
"dlls","dll"
"visual-studio-2010-rtm","visual-studio-2010"
"ejb2","ejb-2.x"
"xsl","xslt"
"delphi-2011","delphi-xe"
"technique","techniques"
"dynamics-ax","axapta"
"microsoft-dynamics-ax","axapta"
"perl-xs","xs"
"protobuf","protocol-buffers"
"asm","assembly"
"adobe-air","air"
"flash-builder","flexbuilder"
"gwt-uibinder","uibinder"
"boost-bjam","bjam"
"levenstein","levenshtein-distance"
"image-maps","imagemap"
"mbean","jmx"
"reactive-extensions","system.reactive"
"autoloading","autoload"
"color","colors"
"levenshtein","levenshtein-distance"
"coldfusion-mx","coldfusion-6"
"uml-modelling","uml"
"aptana-studio","aptana"
"classes","class"
"wm5","windows-mobile-5.0"
"cross-site-scripting","xss"
"deploy","deployment"
"aws-s3","amazon-s3"
"type","types"
"iterators","iterator"
"interfaces","interface"
"lock","locking"
"input-output","io"
"inputs","input"
"javascript-execution","javascript"
"semantic-meaning","semantics"
"p4","perforce"
"analysis-services","ssas"
"iphone-development","iphone"
"interoperability","interop"
"social-network","social-networking"
"timers","timer"
"python-nose","nose"
"nosetests","nose"
"dijit","dojo"
"dojox","dojo"
"concatenate","concatenation"
"accent","diacritics"
"symbolic-link","symlink"
"mockup","mockups"
"add-ins","add-in"
"addons","add-on"
"namespacing","namespaces"
"credential","credentials"
"credit-cards","credit-card"
"session-cookie","session-cookies"
"passing-by-reference","pass-by-reference"
"managers","manager"
"batch-files","batch-file"
"archetype","archetypes"
"archives","archive"
"archiving","archive"
"profilers","profiler"
"iphone-sdk-3","iphone-sdk-3.0"
"dynamic-array","dynamic-arrays"
"dynamicbinding","dynamic-binding"
"auto-generation","auto-generate"
"auto-generated","auto-generate"
"code-generator","code-generation"
"documentation-generator","documentation-generation"
"asp.net-mvc-controllers","asp.net-mvc-controller"
"compositecontrol","composite-controls"
"condition-variables","condition-variable"
"global-variable","global-variables"
"local-variable","local-variables"
"ado-net-dataservices","wcf-data-services"
"ado-net-data-services","wcf-data-services"
"autocompletion","autocomplete"
"benchmark","benchmarking"
"benchmarks","benchmarking"
"circular-references","circular-reference"
"rs232","serial-port"
"self-learning","self-improvement"
"preprocessing","preprocessor"
"preprocess","preprocessor"
"preprocessor-directives","preprocessor"
"preprocessor-abuse","preprocessor"
"case-sensitivity","case-sensitive"
"spellchecker","spell-checking"
"case-studies","case-study"
"destructors","destructor"
"gmake","gnu-make"
"ui-testing","gui-testing"
"website-testing","web-testing"
"functional-tests","functional-testing"
"upload-file","file-upload"
"software-testing","testing"
"groovygrails","grails"
"slugs","slug"
"significant-figures","significant-digits"
"dependency","dependencies"
"classloaders","classloader"
"java-se","java"
"shared-library","shared-libraries"
"mock","mocking"
"mocks","mocking"
"typecast","casting"
"non-const","constants"
"windows-programming","windows"
"www","web"
"personal-development","self-improvement"
"self-development","self-improvement"
"classifier","classification"
"iphone-app","iphone"
"equal","equals"
"windows.forms","winforms"
"objective-c-2","objective-c-2.0"
"strings","string"
"multiple-process","multiprocess"
"phusion-passenger","passenger"
"aspx","asp.net"
"having-clause","having"
"xpath-expression","xpath"
"text-message","sms"
"text-messages","sms"
"system.addin","maf"
"cache","caching"
"memcache","memcached"
"unix-time","unix-timestamp"
"ebooks","ebook"
"javax.swing","swing"
"jaxb2","jaxb"
"bookmark","bookmarks"
"decouple","decoupling"
"transitions","transition"
"sql-ansi","ansi-sql"
"multivariate-testing","ab-testing"
"split-testing","ab-testing"
"javaws","java-web-start"
"linq2sql","linq-to-sql"
"debug","debugging"
"java-swing","swing"
"collations","collation"
"ccnet","cruisecontrol.net"
"connectionpool","connection-pooling"
"windows-2003","windows-server-2003"
"compiler-error","compiler-errors"
"sqlservermanagementstudio","ssms"
"management-studio","ssms"
"mail","email"
"iostreams","iostream"
"google-code-hosting","google-code"
"transactionlog","transaction-log"
"mbeans","jmx"
"session-handling","session-management"
"distributedtransactions","distributed-transactions"
"error-codes","error-code"
"error-messages","error-message"
"compile-errors","compiler-errors"
"compile-error","compiler-errors"
"compilation-error","compiler-errors"
"compilation-errors","compiler-errors"
"camelcase","camelcasing"
"cast","casting"
"fulltrust","full-trust"
"7z","7zip"
"sevenzip","7zip"
"powerpack","powerpacks"
"badges","badge"
"discretemath","discrete-mathematics"
"cmath","math.h"
"schemas","schema"
"3d-modeling","3d-modelling"
"cache-l2","l2-cache"
"shape","shapes"
"layers","layer"
".flv","flv"
"action-filters","action-filter"
"actionlinks","actionlink"
"actions","action"
"y2k38","year2038"
"2038","year2038"
"pkcs11","pkcs#11"
"restful-wcf","wcf-rest"
"doublebuffered","double-buffering"
"constant","constants"
"language-constructs","language-construct"
"clllocation","cllocation"
"foreach-loop","foreach"
".each","each"
".jar","jar"
"serialisation","serialization"
"serialze","serialization"
"serializing","serialization"
"serialized","serialization"
"global-interpreter-lock","gil"
"boostshared-ptr","shared-ptr"
"change-log","changelog"
"microisv","micro-isv"
"prototype.js","prototypejs"
"autowiring","autowired"
"paths","path"
"multiple-languages","multilingual"
"apache-cxf","cxf"
"pubsub","publish-subscribe"
"ado.net-data-services","wcf-data-services"
"escape","escaping"
"escaped-characters","escaping"
"escape-sequence","escaping"
"escape-character","escaping"
"escaped","escaping"
"unescape","escaping"
"string-escaping","escaping"
"double-escaping","escaping"
"character-escaping","escaping"
"system.directoryservices","directoryservices"
"system-directoryservices","directoryservices"
"load-balance","load-balancing"
"load-balancer","load-balancing"
"stringliteral","string-literals"
"literal","literals"
"xp","windows-xp"
"cronjob","cron"
"association","associations"
"birt-report","birt"
"spreadsheets","spreadsheet"
"generators","generator"
"flow-of-control","control-flow"
"try","try-catch"
"catch","try-catch"
"concurrent","concurrency"
"kata","code-kata"
"ccnet-config","cruisecontrol.net"
"try-statement","try-catch"
"try-catch-throw","try-catch"
"vc++.net","visual-c++"
"type-casting","casting"
"dependencyproperty","dependency-properties"
"diagnostic","diagnostics"
"sqllite","sqlite"
"windows-2008-r2","windows-server-2008-r2"
"userscript","userscripts"
"minifier","minify"
"d3d","direct3d"
"shell-script","shell"
"combination","combinations"
"helios","eclipse-3.6"
"3gs","iphone-3gs"
"tests","testing"
"test","testing"
"for","for-loop"
"garbage-collector","garbage-collection"
"null-object","null-object-pattern"
"payments","payment"
"google-calendar","google-calendar-api"
"monad","monads"
"webcrawling","web-crawler"
"filesystem","filesystems"
"tts","text-to-speech"
"cdt","eclipse-cdt"
"as2","actionscript-2"
"headers","header"
"unserialize","serialization"
"deserialize","serialization"
"iframes","iframe"
"win32","winapi"
"programming-paradigms","paradigms"
"paradigm","paradigms"
"silverlight-4","silverlight-4.0"
"hotlink","hotlinking"
"model-view-viewmodel","mvvm"
"gqlquery","gql"
"mssql2008","sql-server-2008"
"integral-promotion","integer-promotion"
"orthogonality","orthogonal"
"ast","abstract-syntax-tree"
"validations","validation"
"apis","api"
"errors","error"
"optimizations","optimization"
"urls","url"
"tables","table"
"objects","object"
"videos","video"
"animations","animation"
"layouts","layout"
"encodings","encoding"
"joins","join"
"services","service"
"bindings","binding"
"redirects","http-redirect"
"websites","web"
"prototypes","prototype"
"webform","webforms"
"uploads","upload"
"vectors","vector"
"menus","menu"
"trigger","triggers"
"datasets","dataset"
"deletes","delete"
"filters","filter"
"migrations","migration"
"inserts","insert"
"eclipse-plugins","eclipse-plugin"
"downloads","download"
"trees","tree"
"streams","stream"
"dialogs","dialog"
"component","components"
"users","user"
"carriage-returns","carriage-return"
"subroutines","subroutine"
"lookup-table","lookup-tables"
"report-viewer","reportviewer"
"threadsafe","thread-safety"
"duplicate-code","code-duplication"
"transformations","transformation"
"performance-issues","performance"
"dynamic-link-library","dll"
"static-library","static-libraries"
"decorators","decorator"
"unix-programming","unix"
"multitenancy","multi-tenant"
"google-guice","guice"
"google-web-toolkit","gwt"
"android-sdk","android"
"dnn","dotnetnuke"
"link","hyperlink"
"hyperlinks","hyperlink"
"joda","jodatime"
"computational-linguistics","nlp"
"xsltransform","xslt"
"coding-convention","coding-style"
"coding-standards","coding-style"
"rewriteengine","mod-rewrite"
"rewritecond","mod-rewrite"
"rewriterule","mod-rewrite"
"opengles","opengl-es"
"shell-scripting","shell"
"shell-command","shell"
"shell-commands","shell"
"flex-sdk","apache-flex"
"while","while-loop"
"commands","command"
"dsp","signal-processing"
"lambda-expressions","lambda"
"google-search-api","google-search"
"paypal-api","paypal"
"sound-api","audio"
"twitter-api","twitter"
"facebook-sdk","facebook"
"ipad-sdk","ipad"
"mojo-sdk","mojo"
"uninitialized","initialization"
"encrypt","encryption"
"mina","apache-mina"
"xss-prevention","xss"
"mod-rails","passenger"
"pil","python-imaging-library"
"ext-gwt","gxt"
"perfomance","performance"
"out-parameter","out-parameters"
"jdk7","java-7"
"minification","minify"
"memoize","memoization"
"stats","statistics"
"adl","argument-dependent-lookup"
"modelbinder","modelbinders"
"todos","todo"
"performance-tuning","performance"
"10g","oracle10g"
"mongo","mongodb"
"sql-developer","oracle-sqldeveloper"
"timagelist","imagelist"
"ruby-on-rails-gems","rubygems"
"kernel-programming","kernel"
"docs","documentation"
"membership-provider","asp.net-membership"
"sqlmembershipprovider","asp.net-membership"
"cs","computer-science"
"url-encoding","urlencode"
"gem","rubygems"
"facebook-application","facebook"
"graph-api","facebook-graph-api"
"facebook-fbml","fbml"
"serverfbml","fbml"
"staticfbml","fbml"
"facebook-fanpage","facebook-page"
"facebook-java-sdk","facebook-java-api"
"facebook-authentication","facebook-oauth"
"appengine","google-app-engine"
"jquery-grid","jqgrid"
"command-query-separation","cqrs"
"jquery-animation","jquery-animate"
"cmd.exe","cmd"
"jquery-accordian","jquery-ui-accordion"
"serialize","serialization"
"win32api","winapi"
"google-adsense","adsense"
"nsnotification","nsnotifications"
"code-only","code-first"
"j2ee","jakarta-ee"
"code-audit","code-review"
"sxs","side-by-side"
"winsxs","side-by-side"
"umn-mapserver","mapserver"
"facets","facet"
"jquery-tmpl","jquery-templates"
"form-submission","form-submit"
"permalink","permalinks"
"semaphores","semaphore"
"distributed-cache","distributed-caching"
"kynetx","krl"
"websockets","websocket"
"java-expression-language","el"
"forxml","for-xml"
"swf","flash"
"sequence-point","sequence-points"
"dwmapi","dwm"
"rml","reportlab"
"learn","learning"
"aspect-oriented","aop"
"n2cms","n2"
"piglatin","apache-pig"
"window-management","window-managers"
"httpservletrequest","servlets"
"httpservletresponse","servlets"
"cache-coherence","caching"
"mvc3","asp.net-mvc-3"
"mouse-picking","picking"
"processing.org","processing"
"computer-graphics","graphics"
"pdt","eclipse-pdt"
"gmaps","google-maps"
"sso","single-sign-on"
"test-driven","tdd"
"ha","high-availability"
"decryption","encryption"
"x64","64-bit"
"xhr","xmlhttprequest"
"ci","continuous-integration"
"softreference","soft-references"
"weakreference","weak-references"
"traversing","traversal"
"phpdoctrine","doctrine"
"tortoise-hg","tortoisehg"
"heirarchy","hierarchy"
"java-applet","applet"
"crypto","cryptography"
"codecs","codec"
"mysql-query","mysql"
"dnn5","dotnetnuke-5"
"bfs","breadth-first-search"
"jboss-hornetq","hornetq"
"programming-terms","terminology"
"hexadecimal","hex"
"ps","postscript"
"self-organizing-maps","som"
"kvo","key-value-observing"
"facebook-connect","facebook"
"facebook-graph","facebook-graph-api"
"oops","oop"
"jsecurity","shiro"
"sandboxing","sandbox"
"asp.net-webmethod","asmx"
"richtextformat","rtf"
"fast","performance"
"parallel-programming","parallel-processing"
"apache-tomcat","tomcat"
"url-shortening","url-shortener"
"slow","performance"
"object-file","object-files"
"open-office","openoffice.org"
"mathematical","math"
"arithmetic","math"
"apple-ios","ios"
".net-cf","compact-framework"
"multicore-programming","multicore"
"exercises","homework"
"programming-exercise","homework"
"book-exercise","homework"
"structures","structure"
"database-structure","database"
"wpf-toolkit","wpftoolkit"
"graph-algorithm","graph-theory"
"merging","merge"
"optimizing","optimization"
"prime-number","primes"
"file-operations","file-io"
"404","http-status-code-404"
"performance-comparison","performance"
"dbcp","apache-commons-dbcp"
"stl-containers","stl"
"access-is-denied","access-denied"
"c3po","c3p0"
"perl-oo","object-oriented-perl"
"while-loops","while-loop"
"oss","open-source"
"image-resize","image-resizing"
"template-function","function-templates"
"random-number-generator","random"
"pseudo-random-numbers","random"
"random-generator","random"
"random-numbers","random"
"random-number","random"
"rand","random"
"random-alpha-generator","random"
"random-string","random"
"random-string-generator","random"
"sql-query","sql"
"visual-web-part","web-parts"
"webpartzone","web-parts"
"web-part","web-parts"
"plt-scheme","racket"
"drscheme","racket"
"cpp","c++"
"cshtml","razor"
"vbhtml","razor"
"80x86","x86"
"wildcards","wildcard"
"language-independent","language-agnostic"
"singleton-class","singleton"
"ccrc","clearcase-remote-client"
"sql-statement","sql"
"ia32","x86"
"logger","logging"
"segfault","segmentation-fault"
"void-pointer","void-pointers"
"classic-asp","asp-classic"
"sql-postgres","postgresql"
"student-question","homework"
"student","homework"
"bashrc","bash"
".bashrc","bash"
"ezcomponents","zeta-components"
"microsoft-access","ms-access"
"rssfeed","rss"
"generic","generics"
"bison","yacc"
"quartz-graphics","core-graphics"
"google-reader-api","google-reader"
"adobe-acrobat","acrobat"
"bean","javabeans"
"beans","javabeans"
"data-frame","dataframe"
"gtk+","gtk"
"standard-ml","sml"
"comment","comments"
"kill-process","kill"
"standard","standards"
"selectbox","drop-down-menu"
"jcomponents","jcomponent"
"css-background-image","css"
"windows-azure-tables","azure-table-storage"
"mysqldb","mysql-python"
"domain-specific-languages","dsl"
"floats","float"
"winbatch","batch-file"
"dos-batch","batch-file"
"bat","batch-file"
".bat","batch-file"
"wpfdatagrid","datagrid"
"rtsj","real-time-java"
"debugger","debugging"
"mime-content-type","mime-types"
"rails3","ruby-on-rails-3"
"functional","functional-programming"
".net-framework-4.0",".net-4.0"
"datatypes","types"
"speed","performance"
"typesystem","type-systems"
"chart","charts"
"charting","charts"
"system-architecture","architecture"
"application-architecture","architecture"
"solution-architecture","architecture"
"software-architecture","architecture"
"sencha","extjs"
"webpy","web.py"
"tuple","tuples"
"jsr-303","bean-validation"
"pretty-printing","pretty-print"
"shared-pointers","shared-ptr"
"global.asax","global-asax"
".net-framework",".net"
".net-framework-3.5",".net-3.5"
"mma","wolfram-mathematica"
"files","file"
"scalar-udf","user-defined-functions"
"table-udf","user-defined-functions"
"scalar-function","user-defined-functions"
"scalar-valued-functions","user-defined-functions"
"table-valued-functions","user-defined-functions"
"table-variables","table-variable"
"ndk","android-ndk"
"asp.net-mvc-3-validation","asp.net-mvc-3"
"cctray","cruisecontrol.net"
"winddk","wdk"
"cf.net","compact-framework"
"header-file","header-files"
"ugly-code","coding-style"
"foldr","fold"
"foldl","fold"
"hashmaps","hashmap"
"css-hacks","css-hack"
"sound","audio"
"windows-application","windows"
"object-oriented-modeling","oop"
"computed-column","calculated-columns"
"mongodb-csharp-driver","mongodb-.net-driver"
"coffee","coffeescript"
"unit-tests","unit-testing"
"android-honeycomb","android-3.0-honeycomb"
"inner-class","inner-classes"
"clean-code","coding-style"
"msie7","internet-explorer-7"
".java","java"
"rad-controls","telerik"
"spaghetti-code","coding-style"
"java-util-logging","java.util.logging"
"oo-design","oop"
"as400","ibm-midrange"
"ibm-i","ibm-midrange"
"iseries","ibm-midrange"
"calender","calendar"
"importing","import"
"o-notation","big-o"
"immutable-class","immutability"
"wrappers","wrapper"
"wpf-binding","data-binding"
"windows-phone-mango","windows-phone-7.1"
"httpd","apache"
"extensions","extension"
"magento-enterprise","magento"
"faster","performance"
"running-time","performance"
"jabber","xmpp"
"string-manipulation","string"
"memory-fences","memory-barriers"
"mssql-ce","sql-server-ce"
"sql-ce","sql-server-ce"
"google+","google-plus"
"sql-ce-4","sql-server-ce-4"
"value-types","value-type"
"implementation-details","implementation"
"reference-types","reference-type"
"j2se","java"
"core-java","java"
"profiling-tools","profiling"
"component-object-model","com"
"entity-framework-ctp5","entity-framework-4.1"
"wcfserviceclient","wcf-client"
"apache-solr","solr"
"multi-layer-perceptron","neural-network"
"dot","graphviz"
"play","playback"
"ddply","plyr"
"where","where-clause"
"pyplot","matplotlib"
"memory-usage","memory-management"
"database-queries","query"
"javax.mail","jakarta-mail"
"zombies","zombie-process"
"redirection","http-redirect"
"speed-up","performance"
"builds","build"
".net-ria-services","wcf-ria-services"
"zombie","zombie-process"
"prepared-statements","prepared-statement"
"asp.net-website","asp.net"
"razor-web-pages","razor"
"factory-pattern","factory"
"asp.net-razor-pages","razor"
"cake","cakephp"
"objc-arc","automatic-ref-counting"
"apache-tiles","tiles"
"window-api","winapi"
"vs-extensibility","vsx"
"textmatebundles","textmate"
"eigenvector","eigenvalue"
"xml-parser","xml-parsing"
"compress","compression"
"auth","authentication"
"iphone-programming","iphone"
"gorm","grails-orm"
"grails-hasmany","grails-orm"
"ror","ruby-on-rails"
"switch","switch-statement"
"switch-case","switch-statement"
"nesting","nested"
"gtest","googletest"
"efficiency","performance"
"msi","windows-installer"
"python-subprocess-module","subprocess"
"undefined-behaviour","undefined-behavior"
"xdocument","linq-to-xml"
".net-generics","generics"
"diffiehellman","diffie-hellman"
".cshtml","razor"
"c++0x","c++11"
"wri-mathematica","wolfram-mathematica"
"bigmemory","ehcache-bigmemory"
"il","cil"
"json-parsing","json"
"tsvn","tortoisesvn"
"softkeyboard","android-softkeyboard"
"ext","extjs"
"model-view-presenter","mvp"
"if-else-statement","if-statement"
"if-then-else","if-statement"
"textboxes","textbox"
"uml-modeling","uml"
"registers","cpu-registers"
"output-file","file-io"
"mac","macos"
"servletcontext","servlets"
"coding-guidelines","coding-style"
"cached","caching"
"validators","validation"
"sql-syntax","sql"
"3d-graphics","3d"
"compiling","compilation"
"compile","compilation"
"async-ctp","async-await"
"await","async-await"
"mini-profiler","mvc-mini-profiler"
".deb","deb"
"getters-setters","getter-setter"
"magical-getters-setters","getter-setter"
"getters","getter"
"setters","setter"
"simple-build-tool","sbt"
"tortoise","tortoisesvn"
"wcf-service","wcf"
"pretty-url","friendly-url"
"html-helpers","html-helper"
"amd64","x86-64"
"magento-extension","magento"
"magento-theming","magento"
"visual-c#","c#"
"assignment","variable-assignment"
"dte","envdte"
"poi","apache-poi"
"lexical-analyzer","lexical-analysis"
"lexical-analyser","lexical-analysis"
"livecycle-data-services","lcds"
"vectorize","vectorization"
"vectorizing","vectorization"
"ria-services","wcf-ria-services"
"compiler-compiler","parser-generator"
"str","string"
"array-of-objects","arrays"
"school","homework"
"clj","clojure"
"integration-services","ssis"
"log","logging"
"logs","logging"
"descriptors","descriptor"
"windows-8-preview","windows-8"
"asmack","smack"
"streaming","video-streaming"
"xlinq","linq-to-xml"
"google-apis","google-api"
"google-mail","gmail"
"end-of-file","eof"
"sql-join","join"
"shaders","shader"
"ios-5.0","ios5"
"type-classes","typeclass"
"msrs","reporting-services"
"xcode-ide","xcode"
"frp","reactive-programming"
"custom-macros","macros"
"jetty-maven-plugin","maven-jetty-plugin"
"osx-10.7","osx-lion"
"macosx-10.5","osx-leopard"
"leopard","osx-leopard"
"osx-10.6","osx-snow-leopard"
"lion","osx-lion"
"bsd-sockets","sockets"
"ergonomic","ergonomics"
"ergonomy","ergonomics"
"asio","boost-asio"
"iphone-simulator","ios-simulator"
"ipad-simulator","ios-simulator"
"softlink","symlink"
"for-in","for-in-loop"
"crashes","crash"
"system-call","system-calls"
"syscall","system-calls"
"excel-xll","xll"
"assembler","assembly"
"lucene-index","lucene"
"monotouch-dialog","monotouch.dialog"
"property","properties"
"machine.specifications","mspec"
"android-apk","apk"
"drupal-module","drupal-modules"
"windows-script-host","wsh"
"urlrewrite","url-rewriting"
"ms-jscript","jscript"
"employment","stuck-tag-newbie-career-development"
"job-hunting","stuck-tag-newbie-career-development"
"customcomponents","custom-component"
"windows-registry","registry"
"visual-studio-extensions","vspackage"
"if-else","if-statement"
"vbproj","vb.net"
"signal","signals"
"shm","shared-memory"
"cf9","coldfusion-9"
"jme","java-me"
"tls","ssl"
"stylesheets","stylesheet"
"huffman-encoding","huffman-code"
"magento-catalog","magento"
"php-oop","php"
"buffers","buffer"
"express.js","express"
"expressjs","express"
"webcontrol","web-controls"
"mercurial-subrepos","subrepos"
"cross-origin","cross-domain"
"subselect","subquery"
"server-client","client-server"
"active-directory-group","active-directory"
"wtk","java-wireless-toolkit"
"structs","struct"
"texture","textures"
"scriptsharp","script#"
"post-commit","post-commit-hook"
"app-pool","application-pool"
"sql-match-all","relational-division"
"table-design","database-design"
"database-modeling","database-design"
"google-accounts","google-account"
"instantiate","instantiation"
"constraint","constraints"
"msdeploy","webdeploy"
"asynctask","android-asynctask"
"interceptors","interceptor"
"spel","spring-el"
"idiom","idioms"
"eventlog","event-log"
"windows-event-log","event-log"
"css-attributes","css"
"orient-db","orientdb"
"rewrite-url","url-rewriting"
"reports","report"
"zend","zend-framework"
"browser-compatibility","cross-browser"
"parallel","parallel-processing"
"intent","android-intent"
"autowire","autowired"
"memory-allocation","memory-management"
"lesscss","less"
"orchard","orchardcms"
"es5","ecmascript-5"
"sl4j","slf4j"
"rewrite","url-rewriting"
"d3","d3.js"
"azure-storage-tables","azure-table-storage"
"cloud-hosting","cloud"
"conflicts","conflict"
"validate","validation"
"code-optimization","optimization"
"data-clustering","cluster-analysis"
"clustering","cluster-analysis"
"generic-handler","ashx"
"fts","full-text-search"
"xsltprocessor","xslt"
"xsltproc","xslt"
"xslt-2.0-processors","xslt"
"filetypes","file-type"
"integers","integer"
"wtp","eclipse-wtp"
"fluent-api","fluent-interface"
"parallelization","parallel-processing"
"parallelism","parallel-processing"
"parallel-computing","parallel-processing"
"dtsx","ssis"
"a4j","ajax4jsf"
"assets-pipeline","asset-pipeline"
"class-loading","classloader"
"xmlhttp","xmlhttprequest"
"acoustic-echo-cancellatio","aec"
"gdiplus","gdi+"
"datatemplates","datatemplate"
"devfabric","azure-compute-emulator"
"task-scheduler","scheduled-tasks"
"task-scheduling","scheduled-tasks"
"crawler","web-crawler"
"bst","binary-search-tree"
"style","styles"
"forward-declarations","forward-declaration"
"msvs","visual-studio"
"crlf","newline"
"systems","system"
"interval","intervals"
"mocking-framework","mocking"
"iis7httpmodule","httpmodule"
"windows-phone-7.5","windows-phone-7"
"mdb","ms-access"
"concurency","concurrency"
"spec-sharp","spec#"
"wcf-extensibility","wcf-extensions"
"appcelerator-mobile","titanium-mobile"
"at","at-command"
"ax","axapta"
"queries","query"
"roslyn-ctp","roslyn"
"navigationcontroller","uinavigationcontroller"
"jboss-as-7","jboss7.x"
"compositewpf","prism"
"borders","border"
"returns","returning"
"logon","authentication"
"metro-style-app","microsoft-metro"
"ordered-list","html-lists"
"android-api","android"
"django-widgets","django-widget"
"wolfram","wolfram-mathematica"
"c2dm","android-c2dm"
"unordered-list","html-lists"
"embedded-systems","embedded"
"fluent-nhibernate-mapping","fluent-nhibernate"
"css3-transitions","css-transitions"
"django-auth","django-authentication"
"ul","html-lists"
"li","html-lists"
"ol","html-lists"
"jquery-tablesorter","tablesorter"
"yml","yaml"
"cuda-kernel","cuda"
"nulls","null"
"nullvalue","null"
"dates","date"
"gnumakefile","gnu-make"
"webworkers","web-worker"
"graphics-card","video-card"
"htmlparser","html-parsing"
"fulltext","full-text-search"
"masterpage","master-pages"
"postbacks","postback"
"winservice","windows-services"
"modal-view-controller","modalviewcontroller"
"ming-library","libming"
"image-uploading","file-upload"
"pgadminiii","pgadmin"
"database-architecture","database-design"
"cloudfront","amazon-cloudfront"
"ssrs-reports","reporting-services"
"characters","character"
"swtoolkit","swt"
"user-control","user-controls"
"functors","functor"
"tokens","token"
"tokenizing","tokenize"
"tokenizer","tokenize"
"tokenization","tokenize"
"abstract-classes","abstract-class"
"accessors","accessor"
"active-patterns","active-pattern"
"actors","actor"
"allocations","allocation"
"binary-search-trees","binary-search-tree"
"bit-operations","bitwise-operators"
"float-css","css-float"
"cudamalloc","cuda"
"long","long-integer"
"code-first-migrations","entity-framework-migrations"
"pattern","design-patterns"
"classic-javascript","javascript"
"wixlib","wix"
"msiexec","windows-installer"
"ms","microsoft"
"backbone","backbone.js"
"lein","leiningen"
"sql-management-studio","ssms"
".getjson","getjson"
"scrolling","scroll"
"cocos2d","cocos2d-iphone"
"mkmapkit","mapkit"
"idempotence","idempotent"
"idempotency","idempotent"
"ssis-data-transformations","ssis"
"android-device","android"
"jquery-validation-plugin","jquery-validate"
"fk-relationship","foreign-keys"
"css-classes","css"
"autocompleter","autocomplete"
"css-height","css"
"liftweb","lift"
"playframework-2.x","playframework-2.0"
"sdl-tridion","tridion"
"accdb","ms-access"
"css-expression","css-expressions"
"assembly-language","assembly"
"accents","diacritics"
"sqlldr","sql-loader"
"lastfm","last.fm"
"umlauts","diacritics"
"databind","data-binding"
"fusion-tables","google-fusion-tables"
"so","shared-libraries"
"bar-graph","bar-chart"
"expando","expandoobject"
"align","alignment"
"vertical-align","vertical-alignment"
"design-pattern","design-patterns"
"sharedobject","shared-objects"
"static-method","static-methods"
"inline-function","inline-functions"
"eav","entity-attribute-value"
"backbonejs","backbone.js"
"content-script","userscripts"
"pen-testing","penetration-testing"
"knockoutjs","knockout.js"
"knockoutjs2","knockout-2.0"
"knockoutjs-mapping-plugin","knockout-mapping-plugin"
"qtip-2.0","qtip2"
"operator-new","new-operator"
"9patch","nine-patch"
"valueinjector","valueinjecter"
"rvo","return-value-optimization"
"windows-sdk","winapi"
"ie10","internet-explorer-10"
"strongly-typed","strong-typing"
"dropdownlist","drop-down-menu"
"ios5-sdk","ios5"
"authenticate","authentication"
"aosp","android-source"
"egrep","grep"
"yii-mvc","yii"
"linq2twitter","linq-to-twitter"
"nested-classes","inner-classes"
"nested-class","inner-classes"
"wol","wake-on-lan"
"bool","boolean"
"visual-studio-11","visual-studio-2012"
"ember","ember.js"
"vs11","visual-studio-2012"
"vs2011","visual-studio-2012"
"vs2012","visual-studio-2012"
"terminals","terminal"
"wix3","wix3.5"
"stdlib","std"
"sitemaps","sitemap"
"htdigest",".htpasswd"
"htpasswd",".htpasswd"
"media-query","media-queries"
"anchor-tag","anchor"
"microsoft-surface","pixelsense"
"metro-framework","java-metro-framework"
"metro-ui","microsoft-metro"
"metro","microsoft-metro"
"uniqueness","unique"
"repository-pattern","repository"
"repositories","repository"
"customize","customization"
"customized","customization"
"facebook-iphone-sdk","facebook-ios-sdk"
"domino","lotus-domino"
"column","columns"
"asp.net-webforms","webforms"
"cursoradapter","android-cursoradapter"
"cursorloader","android-cursorloader"
"scikits-learn","scikit-learn"
"text-file","text-files"
"vimrc","vim"
"razor-grid","webgrid"
"html-dom","dom"
"viewpager","android-viewpager"
"linearlayout","android-linearlayout"
"contentresolver","android-contentresolver"
"arrayadapter","android-arrayadapter"
"fragmentactivity","android-fragmentactivity"
"tabhost","android-tabhost"
"actionbar","android-actionbar"
"webnoir","noir"
"asp-mvc","asp.net-mvc"
"argument","arguments"
"simplexmlelement","simplexml"
"knockout","knockout.js"
"underscore","underscore.js"
"cluster","cluster-computing"
"clusters","cluster-computing"
"double-precision","precision"
"floating-point-precision","precision"
"numeric-precision","precision"
"finite-precision","precision"
"cross-threading","multithreading"
"pylab","matplotlib"
"pythonic","python"
"boost.build","boost-build"
"boost-jam","bjam"
"comma-separated","csv"
"associative-arrays","associative-array"
"shellexecute","shell-exec"
"unix-utils","unix"
"batch","batch-file"
"batch-script","batch-file"
"seo-friendly","seo"
"resizing","resize"
"gmock","googlemock"
"cms","content-management-system"
"neural-network-tuning","neural-network"
"google-picasa","picasa"
"drracket","racket"
"financial","finance"
"stocks","stock"
"zmq","zeromq"
"drop-down","drop-down-menu"
"modelling","modeling"
"wx","wxwidgets"
"libnds","devkitpro"
"south","django-south"
"vb","vb.net"
"chicken","chicken-scheme"
"saving","save"
"bot","bots"
"rotating","rotation"
"rotate","rotation"
"line-break","line-breaks"
"corner","corners"
"svcutil","svcutil.exe"
"facebook-jssdk","facebook-javascript-sdk"
"imports","import"
"fileuploader","file-upload"
"html-entity","html-entities"
"arc","automatic-ref-counting"
"repl","read-eval-print-loop"
"widgets","widget"
"tasks","task"
"keywords","keyword"
"file-protocol","file-uri"
"animate","jquery-animate"
"emberjs","ember.js"
"xna4.0","xna-4.0"
"prismv4","prism-4"
"prismv2","prism-2"
"google-drive","google-drive-api"
"spellcheck","spell-checking"
"mongo-java","mongodb-java"
"unmarshall","unmarshalling"
"dba","database-administration"
"gem-bundler","bundler"
"nsfetchedresultcontroller","nsfetchedresultscontroller"
"gui","user-interface"
"b+-tree","b-tree"
"domain","dns"
"keys","key"
"dag","directed-acyclic-graphs"
"kalman","kalman-filter"
"variable-scope","scope"
"rtc","rational-team-concert"
"nintendo-ds","devkitpro"
"wii","devkitpro"
"palib","devkitpro"
"fileinput","file-io"
"mongod","mongodb"
"curly-brackets","curly-braces"
"hashing","hash"
"language-processing","nlp"
"sorting-algorithm","sorting"
"persian","farsi"
"sql-select","sql"
"iterate","loops"
"smooth-numbers","hamming-numbers"
"n-tier","n-tier-architecture"
"array-sorting","sorting"
"index","indexing"
"indexes","indexing"
"maproute","asp.net-mvc-routing"
"mpmovieplayer","mpmovieplayercontroller"
"webfonts","font-face"
"ios5-compatibility","ios5"
"name-clash","name-conflict"
"loadtest","load-testing"
"polymorphic","polymorphism"
"f#-interactive","fsi"
"traverse","traversal"
"ios4.1","ios4"
"ios4.3","ios4"
"ios4.0.1","ios4"
"data-url","data-uri"
"checkboxes","checkbox"
"sql2008r2","sql-server-2008-r2"
"polyfills","shim"
"java1.5","java-5"
"java1.6","java-6"
"applicative-functor","applicative"
"f#-scripting","fsi"
"static-member","static-members"
"database-link","dblink"
"kendo","kendo-ui"
"python-pil","python-imaging-library"
"winrt","windows-runtime"
"singlepage","single-page-application"
"identifiers","identifier"
"zc.buildout","buildout"
"requests","python-requests"
"h5bp","html5boilerplate"
"css-keyframes","css-animations"
"magento-upgrade","magento"
"breezejs","breeze"
"breeze.js","breeze"
"php-date","php"
"magento-admin","magento"
"reusable-code","code-reuse"
"reuse","reusability"
"clojure.core.logic","clojure-core.logic"
"flow3","typo3-flow"
"marionettejs","marionette"
"uitable","uitableview"
"xamarin.mac","monomac"
"formbuilder","oracleforms"
"actionfilterattribute","action-filter"
"permanent-generation","permgen"
"facebook-wall","facebook-timeline"
"vs-macros","visual-studio-macros"
"etree","elementtree"
"push-notifications","push-notification"
"php5","php"
"django-tastypie","tastypie"
"harddisk","hard-drive"
"apache-hadoop","hadoop"
"xml-schema","xsd"
"character-reference","html-entities"
"speech-to-text","speech-recognition"
"itextpdf","itext"
"ical","icalendar"
"in-the-wild","production"
"impersonate","impersonation"
"crawl","web-crawler"
"crawling","web-crawler"
"php-frameworks","php"
"japplet","applet"
"google-experiments","google-website-optimizer"
"workspaces","workspace"
"tfs-service","azure-devops"
"jpg","jpeg"
"bitwise","bit-manipulation"
"bit-twiddling","bit-manipulation"
"grunt","gruntjs"
"emf","eclipse-emf"
"urlpatterns","url-pattern"
"storing","storage"
"hiveql","hive"
"xhtmlrenderer","flying-saucer"
"spring-data-mongodb","spring-data-document"
"web-security","security"
"newtonsoft","json.net"
"voice-recognition","speech-recognition"
"attachments","attachment"
"lighthttpd","lighttpd"
"facebook-canvas","facebook-apps"
"facebook-iframe","facebook-apps"
"blend","expression-blend"
"xml-transform","xslt"
"velocity","appfabric-cache"
"nettiers",".nettiers"
"uistoryboard","storyboard"
"xcode-storyboard","storyboard"
"arrayindexoutofbounds","indexoutofboundsexception"
"breakpoint","breakpoints"
"short-message-service","sms"
"performancecounters","performancecounter"
"queryperformancecounter","performancecounter"
"performance-test","performance-testing"
"web-performance-test","performance-testing"
"android-performance","performance"
"javascript-performance","performance"
"jquery-performance","performance"
"linq-performance","performance"
"wcf-performance","performance"
"application-performance","performance"
"restarting","restart"
"enhanced-for-loop","foreach"
"er","entity-relationship"
"xcode4.5","xcode4"
"aspdotnet","asp.net"
"processid","pid"
"quit","exit"
"c-string","c-strings"
"inter-process-communicat","ipc"
"stm","transactional-memory"
"variable-naming","naming-conventions"
"derived-instances","deriving"
"omp","openmp"
"google-places","google-places-api"
"wams","azure-mobile-services"
"m2e","m2eclipse"
"else","if-statement"
"exec-bad-access","exc-bad-access"
"css-clear","css-float"
"browser-caching","browser-cache"
"mysql-server","mysql"
"tuning","performance"
"recommendation","recommendation-engine"
"canonical","canonical-link"
"monotouch","xamarin.ios"
"monodroid","xamarin.android"
"xamarin.studio","monodevelop"
"ubuntu-lucid","ubuntu-10.04"
"ubuntu-precise","ubuntu-12.04"
"l2e","linq-to-entities"
"php-yii","yii"
"pom","pom.xml"
"hypertext-preprocessor","php"
"cf","cfml"
"cfscript","cfml"
"ios-standalone-mode","iphone-standalone-web-app"
"html-tag","html"
"td","html-table"
"rowspan","html-table"
"colspan","html-table"
"system.web.optimization","asp.net-optimization"
"workbook","excel"
"emmett","emmet"
"zencoding","emmet"
"zen-coding","emmet"
"blocks","block"
"usbdevice","usb"
"css-columns","css"
"dbquery","query"
"datepicker-ui","datepicker"
"charset-table","character-encoding"
"scss","sass"
"css2","css"
"disassembler","disassembly"
"disassembling","disassembly"
"decompiler","decompiling"
"control","controls"
"search-and-replace","replace"
"bom","byte-order-mark"
"string-replacement","replace"
"zend-engine","php-internals"
"php-references","reference"
"references","reference"
"php.ini","php"
"php-modules","php-extension"
"iphone-ios","iphone"
"find-and-replace","replace"
"replacement","replace"
"text-replacement","replace"
"python-interpreter","python"
"ror3","ruby-on-rails-3"
"flickr-api","flickr"
"decrypt","encryption"
"adf","oracle-adf"
"comprehension","list-comprehension"
"img","image"
"argument-passing","parameter-passing"
"conditional","conditional-statements"
"spec","specifications"
"specification","specifications"
"hexadecimal-notation","hex"
"maximum","max"
"drools-planner","optaplanner"
"jqm","jquery-mobile"
"dynamic-allocation","dynamic-memory-allocation"
"ggplot","ggplot2"
"qplot","ggplot2"
"bitwise-shift","bit-shift"
"testacular","karma-runner"
"like-operator","sql-like"
"expressions","expression"
"android-logcat","logcat"
"statistical-analysis","statistics"
"idle","python-idle"
"dictionaries","dictionary"
"css-inheritance","css"
"android-debug-bridge","adb"
"google-storage","google-cloud-storage"
"bash-alias","bash"
"google-refine","openrefine"
"gquery","gwtquery"
"oxygene","delphi-prism"
"user-authentication","authentication"
"client-authentication","authentication"
"automated-testing","automated-tests"
"dll-hell","dll"
"generic-class","generics"
"dds","data-distribution-service"
"pgrep","grep"
"idle-ide","python-idle"
"known-type","known-types"
"linq-expressions","expression-trees"
"auto-properties","automatic-properties"
"apns","apple-push-notifications"
"roasal","roassal"
"phusion","passenger"
"iphone-provisioning","ios-provisioning"
"google-scripts","google-apps-script"
"stringgrid","tstringgrid"
"tmemo","memo"
"tpagecontrol","pagecontrol"
"form-validation","validation"
"input-validation","validation"
"charting-controls","charts"
"cs5","flash-cs5"
"adobe-flash-cs5","flash-cs5"
"pendingintent","android-pendingintent"
"android-maps-v2","google-maps-android-api-2"
"marker","google-maps-markers"
"markers","google-maps-markers"
"jquery-datepicker","jquery-ui-datepicker"
"tfs-api","tfs-sdk"
"matlab-standalone","matlab-compiler"
"ie8-developer-tools","ie-developer-tools"
"ie9-developer-tools","ie-developer-tools"
"reporting-services-2012","ssrs-2012"
"airplay","marmalade"
"vc","visual-c++"
"aria","wai-aria"
"sounds","audio"
"dataframes","dataframe"
"ordereddict","ordereddictionary"
"if-then","if-statement"
"virtualtreeview","tvirtualstringtree"
"slowness","performance"
"audiomanager","android-audiomanager"
"tchart","teechart"
"struts2-jquery-plugin","struts2-jquery"
"composer","composer-php"
"autoloader","autoload"
"rvm","rvmrc"
"movie","video"
"movies","video"
"mcc","matlab-compiler"
"adobe-dreamweaver","dreamweaver"
"points","point"
"regex-php","regex"
"perl-regex","regex"
"forking","fork"
"vkontakte","vk"
"inverse-matrix","matrix-inverse"
"multiselectlist","multi-select"
"sap-crystal-reports","crystal-reports"
"initialization-list","ctor-initializer"
"vm","virtual-machine"
"multidimensional","multidimensional-array"
"ng-repeat","angularjs-ng-repeat"
"jdk1.6","java-6"
"jdk1.5","java-5"
"android-market","google-play"
"absolute-positioning","css-position"
"relative-positioning","css-position"
"position-fixed","css-position"
"adobe-flex-4","flex4"
"html-option","html-select"
"gwtp","gwt-platform"
"ics","icalendar"
"cupcake","android-1.5-cupcake"
"android-donut","android-1.6-donut"
"ice-cream-sandwich","android-4.0-ice-cream-sandwich"
"jelly-bean","android-4.2-jelly-bean"
"froyo","android-2.2-froyo"
"android-froyo","android-2.2-froyo"
"android-cupcake","android-1.5-cupcake"
"android-jelly-bean","android-4.2-jelly-bean"
"android-ics","android-4.0-ice-cream-sandwich"
"gingerbread","android-2.3-gingerbread"
"android-gingerbread","android-2.3-gingerbread"
"honeycomb","android-3.0-honeycomb"
"android-eclair","android-2.0-eclair"
"netmf",".net-micro-framework"
"ifelse","if-statement"
"uipangesturerecognizer","uigesturerecognizer"
"uipinchgesturerecognizer","uigesturerecognizer"
"uitapgesturerecognizer","uigesturerecognizer"
"asmjs","asm.js"
"elseif","if-statement"
"tfpt","tfs-power-tools"
"mobile-web","mobile-website"
"fields","field"
"css-positioning","css-position"
"outofmemoryexception","out-of-memory"
"outofmemoryerror","out-of-memory"
"ifdef","conditional-compilation"
"goinstant-platform","goinstant"
"nodejs","node.js"
"data-attribute","custom-data-attribute"
"data-attributes","custom-data-attribute"
"lazy-load","lazy-loading"
"tuple-unpacking","iterable-unpacking"
"imageio","javax.imageio"
"google-sketchup","sketchup"
"trimble-sketchup","sketchup"
"system-programming","systems-programming"
"ie11","internet-explorer-11"
"php-cli","php"
"fql","facebook-fql"
"string-compare","string-comparison"
"xammp","xampp"
"teleric-mvc","telerik-mvc"
"wp8","windows-phone-8"
"data-modelling","data-modeling"
"exchange-2010","exchange-server-2010"
"exchange-2003","exchange-server-2003"
"exchange","exchange-server"
"exchange-2007","exchange-server-2007"
"google-charts","google-visualization"
"google-charts-api","google-visualization"
"google-geochart","google-visualization"
"postcode","postal-code"
"webstart","java-web-start"
"bash-variables","bash"
"bourne-shell","sh"
"picture","image"
"pictures","image"
"elements","element"
"ios-sdk","ios"
"iphone-sdk-6.0","ios6"
"iphone-sdk-5.0","ios5"
"iphone-sdk-4","ios4"
"iphone-sdk-4.0","ios4"
"sparse","sparse-matrix"
"sparse-array","sparse-matrix"
"sparse-columns","sparse-matrix"
"named-entity-extraction","named-entity-recognition"
"tabbarcontroller","uitabbarcontroller"
"customer-account-data","customer-account-data-api"
"program-flow","control-flow"
"sailsjs","sails.js"
"mvcscaffolding","asp.net-mvc-scaffolding"
"playbook","blackberry-playbook"
"interrupts","interrupt"
"appworld","blackberry-world"
"caliburn","caliburn.micro"
"pseudo-terminals","pty"
"embedded-v8","v8"
"data-uri-scheme","data-uri"
"knapsack","knapsack-problem"
"urls.py","django-urls"
"jdk","java"
"jre","java"
"sets","set"
"google-closure-library","google-closure"
"stateless-session-beans","stateless-session-bean"
"android-images","android-image"
"patterns","design-patterns"
"string-similarity","similarity"
"similarity-analyzer","similarity"
"spring-tool-suite","sts-springsourcetoolsuite"
"perlre","regex"
"xmlns","xml-namespaces"
"painting","paint"
"ie7-bug","internet-explorer-7"
"ie6-bug","internet-explorer-6"
"safari-bug","safari"
"samples","sample"
"fugitive.vim","vim-fugitive"
"fgrep","grep"
"osm","openstreetmap"
"ajaxtoolkit","ajaxcontroltoolkit"
"embedded-matlab","matlab-coder"
"matlab-ide","matlab"
"matlab-path","matlab"
"php-errors","php"
"jdk8","java-8"
"filelock","file-locking"
"sentestingkit","ocunit"
"complexity","complexity-theory"
"magento-widgets","magento"
"magento-module","magento"
"omniture","adobe-analytics"
"site-catalyst","adobe-analytics"
"mvc4","asp.net-mvc-4"
"cef","chromium-embedded"
"parenthesis","parentheses"
"uimapview","mkmapview"
"mysql-table","mysql"
"rules-engines","rule-engine"
"rules-engine","rule-engine"
"barplot","bar-chart"
"google-play-game-services","google-play-games"
"libxml","libxml2"
"servicestack-text","servicestack"
"mpg","mpeg"
"jde","blackberry-jde"
"reintegrate","svn-reintegrate"
"play-mvc","playframework"
"multiple-backgrounds","background-image"
"sdf","sql-server-ce"
"greyscale","grayscale"
"multipeer-conectivity-ios","multipeer-connectivity"
"chromecast","google-cast"
"enumerations","enums"
"datetime-operation","datetime"
"datetime-functions","datetime"
"fmx","firemonkey"
"google-chartwrapper","google-visualization"
"web-optimization","asp.net-optimization"
"conformance","standards-compliance"
"gpg","gnupg"
"xquery-update","xquery"
"nil","null"
"splitting","split"
"android-stylesheets","android-styles"
"pnacl","google-nativeclient"
"streetview","google-street-view"
"street-view","google-street-view"
"css-centering","css"
"assembly-reference","assembly-references"
"overwriting","overwrite"
"subclasses","subclass"
"decimals","decimal"
"gtalk","google-talk"
"gof","design-patterns"
"left-outer-join","left-join"
"timestamps","timestamp"
"temporary-tables","temp-tables"
"stripping","strip"
"reorder","order"
"reordering","order"
"ordering","order"
"opengraph","facebook-opengraph"
"raven","ravendb"
"require.js","requirejs"
"modal","modal-dialog"
"f#-charting","fsharpchart"
"bit-shift-operators","bit-shift"
"min-height","css"
"min-width","css"
"max-height","css"
"max-width","css"
"msvc11","visual-studio-2012"
"mavericks","osx-mavericks"
"animated","animation"
"rotateanimation","animation"
"scaleanimation","animation"
"syncframework","microsoft-sync-framework"
"kitkat","android-4.4-kitkat"
"object-to-string","tostring"
"ipn","paypal-ipn"
"a11y","accessibility"
"joomla1.7","joomla2.5"
"joomla1.6","joomla2.5"
"joomla3.1","joomla3.0"
"joomla3.2","joomla3.0"
"nhibernate-queryover","queryover"
"recurrence-relation","recurrence"
"android-intent-flags","android-intent"
"disposing","dispose"
"disposal","dispose"
"dispose-pattern","dispose"
"resource-disposal","dispose"
"pipes","pipe"
"sortable","jquery-ui-sortable"
"jquery-sortable","jquery-ui-sortable"
"javascript-alert","javascript"
"handlebars","handlebars.js"
"cronexpression","cron"
"stacks","stack"
"owa","outlook-web-app"
"boss","yahoo-boss"
"team-foundation-service","azure-devops"
"tooltips","tooltip"
"mac-os-x-server","osx-server"
"osx-10.9","osx-mavericks"
"jquery-datatables","datatables"
"twitter-bootstrap-3.0.2","twitter-bootstrap-3"
"sqlitedatabase","sqlite"
"computer-architecture","cpu-architecture"
"iap","in-app-purchase"
"cpickle","pickle"
"unpickling","pickle"
"glass","aero-glass"
"regularexpression","regex"
"iis5","iis-5"
"iis6","iis-6"
"iis7","iis-7"
"iis8","iis-8"
"android-sdk-2.2","android-2.2-froyo"
"pickle-dump","pickle"
"filter-branch","git-filter-branch"
"inherit","inheritance"
"sklearn","scikit-learn"
"ranges","range"
"worklight-deployment","worklight-server"
"groupwise-maximum","greatest-n-per-group"
"android-test-kit","android-espresso"
"soa-suite","soa"
"laravel-4.1","laravel-4"
"valid-xhtml","xhtml"
"memory-deallocation","memory-management"
"performance-measurement","performance"
"performance-monitoring","performance"
"chromedriver","selenium-chromedriver"
"adwords","google-ads-api"
"google-adwords-api","google-ads-api"
"gdocs","google-docs"
"sql-srever","sql-server"
"servicestack-bsd","servicestack"
"uisegmentcontrol","uisegmentedcontrol"
"workitem","tfs-workitem"
"python3","python-3.x"
"division-by-zero","divide-by-zero"
"self-referential","self-reference"
"self-referencing","self-reference"
"g1","g1gc"
"duplicate-entry","duplicates"
"shorthand-if","conditional-operator"
"ternary-operator","conditional-operator"
"interrupt-handling","interrupt"
"irq","interrupt"
"isr","interrupt"
"selectors","css-selectors"
"php-mail","php"
"galaxy","samsung-mobile"
"twitter-bootstrap-3.0","twitter-bootstrap-3"
"box-model","css"
"msvc10","visual-studio-2010"
"css-validation","css"
"javascript-array","arrays"
"static-vs-non-static","static"
"cryptopp","crypto++"
"mobilesubstrate","cydia-substrate"
"htmldocument","dom"
"html-attributes","html"
"rewritebase","mod-rewrite"
"mustache.js","mustache"
"style.css-template-file","css"
"grunt-cli","gruntjs"
"angular.dart","angular-dart"
"cipher","encryption"
"python-ctypes","ctypes"
"moment.js","momentjs"
"gvimrc","vim"
"gvim","vim"
"saxparser","sax"
"sync","synchronization"
"asynchronous-processing","asynchronous"
"lat-long","latitude-longitude"
"html.dropdownlist","html-select"
"vimscript","vim"
"mvn","maven"
"vs2013","visual-studio-2013"
"vs-2013-preview","visual-studio-2013"
"matchers","matcher"
"static-code-analysis","static-analysis"
"plaintext","text"
"php-cgi","php"
"sonar","sonarqube"
"backbone.marionette","marionette"
"spaces","space"
"computer-algebra-systems","symbolic-math"
"symbolic-computation","symbolic-math"
"typeahead","typeahead.js"
"mathematica","wolfram-mathematica"
"endless-scroll","infinite-scroll"
"endless-loop","infinite-loop"
"vars","variables"
"rspec-rails","rspec"
"php-functions","php"
"json-encode","json"
"json-decode","json"
"cli","command-line-interface"
"pseudo-selectors","css-selectors"
"paypalmerchantsdk","paypal"
"client-dataset","tclientdataset"
"formating","formatting"
"fs","node.js-fs"
"yii-db","yii"
"file-download","download"
"cv","computer-vision"
"vstemplate","visual-studio-templates"
"avg","average"
"appendto","append"
"conditional-expressions","conditional-operator"
"dynamics","microsoft-dynamics"
"actionbarcompat","android-actionbar-compat"
"winmo","windows-mobile"
"msas","ssas"
"activity","android-activity"
"processes","process"
"selenium2","selenium-webdriver"
"selenium-webdriver-c#","selenium-webdriver"
"selenium-webdriver-java","selenium-webdriver"
"spark-cluster-framework","apache-spark"
"ui-router","angular-ui-router"
"idb","indexeddb"
"email-server","mail-server"
"datetime-manipulation","datetime"
"xml.etree","elementtree"
"jazz","ibm-jazz"
"class-methods","class-method"
"css-backface-visibility","css-transforms"
"web-browser","browser"
"mpich2","mpich"
"robots","robot"
"pig","apache-pig"
"dnd","drag-and-drop"
"evoq","dotnetnuke"
"javascript-dom","javascript"
"karma","karma-runner"
"eclipse-adt","adt"
"css-display","css"
"market","google-play"
"android-4.2","android-4.2-jelly-bean"
"android-4.3","android-4.3-jelly-bean"
"android-4.4","android-4.4-kitkat"
"android-3.0","android-3.0-honeycomb"
"android-2.3","android-2.3-gingerbread"
"android-2.2","android-2.2-froyo"
"android-2.0","android-2.0-eclair"
"android-2.1","android-2.1-eclair"
"android-1.5","android-1.5-cupcake"
"android-1.6","android-1.6-donut"
"queryselectorall","selectors-api"
"string-utils","apache-stringutils"
"neo4j2.0","neo4j"
"socketio","socket.io"
"wampserver","wamp"
"modulus","modulo"
"scrapy-spider","scrapy"
"subsetting","subset"
"nsmanagedobjectcontext","core-data"
"nsmanagedobject","core-data"
"asset","assets"
"sqlselect","sql"
"php-session","php"
"mro","method-resolution-order"
"sprintf","printf"
"fprintf","printf"
"snprintf","printf"
"vsprintf","printf"
"vsnprintf","printf"
"vswprintf","printf"
"nokia-location-api","here-api"
"microsoft-appstore","windows-store"
"simulate","simulation"
"edittext","android-edittext"
"appwidget","android-appwidget"
"div","html"
"divs","html"
"nested-divs","html"
"div-layouts","html"
"volley","android-volley"
"injection","code-injection"
"asp.net.mvc","asp.net-mvc"
"kendo-ui-mvc","kendo-asp.net-mvc"
"cabal-install","cabal"
"zf2","zend-framework2"
"dbms","database"
"sesame","openrdf"
"webcam-capture","webcam"
"html-comments","html"
"indent","indentation"
"smartwatch","sony-smartwatch"
"xperia","sony-xperia"
"span","html"
"python-shell","python"
"team-build","tfsbuild"
"eclipse-plugin-dev","eclipse-plugin"
"chrome-packaged-app","google-chrome-app"
"swift-language","swift"
"swift-ios","swift"
"ipad-splitview","ipad"
"ipad-ui","ipad"
"iphone-web","iphone"
"mht","mhtml"
"ibm-was","websphere"
"input-file","file-io"
"input-files","file-io"
"infile","file-io"
"outfile","file-io"
"output-files","file-io"
"breeze#","breeze-sharp"
"javascript-disabled","javascript"
"xcode-playground","swift-playground"
"ring-buffer","circular-buffer"
"pebble-sdk","pebble-watch"
"x-window","x11"
"cross-compile","cross-compiling"
"uitableviewcell","uitableview"
"uitableviewcellaccessory","uitableview"
"uitableviewcellstylevalue","uitableview"
"uitableviewstyle","uitableview"
"uitableviewdatasource","uitableview"
"uitableviewdelegate","uitableview"
"uitableviewheader","uitableview"
"uitableviewfooter","uitableview"
"uitableview-section","uitableview"
"uitableviewstylegrouped","uitableview"
"uitableviewcontroller","uitableview"
"fuseesb","jbossfuse"
"protobufs","protocol-buffers"
"nsdocumentsdirectory","nsdocumentdirectory"
"stellarjs","stellar.js"
"angular.js","angularjs"
"aspnet.mvc","asp.net-mvc"
"aspnet-mvc","asp.net-mvc"
"numberformat","number-formatting"
"signal-slot","signals-slots"
"post-request","http-post"
"halt","exit"
"identify","detect"
"compressed","compression"
"gameloop","game-loop"
"nancyfx","nancy"
"cocos2d-swift","cocos2d-iphone"
"ruby-c-api","ruby-c-extension"
"ruby-extension","ruby-c-extension"
"ruby-ext","ruby-c-extension"
"if-clause","if-statement"
"software-as-a-service","saas"
"c90","c89"
"progress-database","progress-db"
"csharp","c#"
"route","routes"
"karaf","apache-karaf"
"android-compat-lib","android-support-library"
"thread-safe","thread-safety"
"varargs","variadic-functions"
"timedelta","timespan"
"duration","timespan"
"certificates","certificate"
"windowmanager","window-managers"
"day-cq","aem"
"ibm-notes","lotus-notes"
"sheets","google-sheets"
"windows-universal","win-universal-app"
"xcode6-beta3","xcode6"
"dijit.form","dojo"
"dijit.layout","dojo"
"dijit.tree","dojo"
"dojo.data","dojo"
"dojo-store","dojo"
"dojo-layer","dojo"
"dojo.stateful","dojo"
"dojo-require","dojo"
"xcode6-beta4","xcode6"
"round","rounding"
"msp","msi-patch"
"xwindows","x11"
"nvd3","nvd3.js"
"openerp","odoo"
"analytic-functions","window-functions"
"engopen","matlab-engine"
"compass-css","compass-sass"
"autobahnws","autobahn"
"gnumakefiles","gnu-make"
".wav","wav"
"fsharp.data","f#-data"
"full-text-indexing","full-text-search"
"submodule","git-submodules"
"submodules","git-submodules"
"static-class","static-classes"
"ef6","entity-framework-6"
"keyvaluepair","key-value"
"java-libraries","java"
"c++1y","c++14"
"build-process","build"
"custom-keyboard","ios-app-extension"
"builtins","built-in"
"lambda-functions","lambda"
"data-definition-language","ddl"
"ruby-on-rails-4-1","ruby-on-rails-4.1"
"code-efficiency","performance"
"ink-file-picker","filepicker.io"
"iphone-6+","iphone-6-plus"
"spider","web-crawler"
"dnn7","dotnetnuke-7"
"jni","java-native-interface"
"boolean-algebra","boolean-logic"
"decisiontrees","decision-tree"
"alternation","regex-alternation"
"sibling","siblings"
"urlrewriter","url-rewriting"
"rewritemap","mod-rewrite"
"handheld","mobile-devices"
"symfony-sonata","sonata-admin"
"bing-maps-api","bing-maps"
"virtual-earth","bing-maps"
"cmd-script","batch-file"
"jdk1.8","java-8"
"susy","susy-sass"
"renaming","rename"
"schema-design","database-design"
"google-spreadsheet","google-sheets"
"spark","apache-spark"
"fire-tv","amazon-fire-tv"
"vso","azure-devops"
"setup","installation"
"installing","installation"
"highlighting","highlight"
"google-play-store","google-play"
"apache-regexp","regex"
"outer","outer-join"
"huffman","huffman-code"
"google-drive-sdk","google-drive-api"
"sonata","sonata-admin"
"ko.observablearray","knockout.js"
"lookaround","regex-lookarounds"
"matlab-toolbox","matlab"
"containment","contains"
"negative-lookahead","regex-lookarounds"
"lookahead","regex-lookarounds"
"android-l","android-5.0-lollipop"
"css-line-height","css"
"validator","validation"
"nested-array","multidimensional-array"
"rectangular-arrays","multidimensional-array"
"ndarray","multidimensional-array"
"jsonarray","arrays"
"string-array","arrays"
"char-array","arrays"
"outlook-form","outlook"
"outlook-calendar","outlook"
"outlook-express","outlook"
"outlook-macro","outlook"
"wordpress-loop","wordpress"
"wordpress-plugin-dev","wordpress"
"wordpress-mu","wordpress"
"wordpress-filter","wordpress"
"wordpress-widget","wordpress"
"amchart","amcharts"
"fortify360","fortify"
"fortify-software","fortify"
".net-4.5.1",".net-4.5"
"last-child","css-selectors"
"first-child","css-selectors"
"nth-child","css-selectors"
"comboboxes","combobox"
"tmpfile","temporary-files"
"tempfile","temporary-files"
"sprites","sprite"
"apple-metal","metal"
"metal-framework","metal"
"map","dictionary"
"build-gradle","build.gradle"
"crowd","atlassian-crowd"
"stringformat","string-formatting"
"if-condition","if-statement"
"rich-client-platform","rcp"
"data-encryption","encryption"
"login","authentication"
"android-application","android"
"paypal-sdk","paypal"
"weemo","sightcall"
".net-4.5.2",".net-4.5"
"3d-array","multidimensional-array"
"2d-array","multidimensional-array"
"css-overflow","css"
"guava-collections","guava"
"ibm-db2","db2"
"csrf-protection","csrf"
"sql-triggers","triggers"
"opscode","chef-infra"
"slow-load","performance"
"ruby-on-rails-3.2.1","ruby-on-rails-3.2"
"spa","single-page-application"
"uistoryboardsegue","segue"
"func-delegate","delegates"
"function-object","functor"
"transparentdataencryption","tde"
"android-lollipop","android-5.0-lollipop"
"panoramic","panoramas"
"code-beautification","code-formatting"
"datastax","datastax-enterprise"
"nc","netcat"
"facebook-sdk-ios","facebook"
"encrypted","encryption"
"es6","ecmascript-6"
"java-asm","java-bytecode-asm"
"spam-filtering","spam-prevention"
"spam-detection","spam-prevention"
"spam-blocking","spam-prevention"
"antispam","spam-prevention"
"spamming","spam-prevention"
"qxt","libqxt"
"flask-blueprint","flask"
"windows-azure-storage","azure-storage"
"chefdk","chef-infra"
"chef-solo","chef-infra"
"chef-recipe","chef-infra"
"qt-layout","qlayout"
"nokia-maps","here-api"
"r-language","r"
"google-app-engine-java","google-app-engine"
"defer","deferred"
"django-modelform","django-forms"
"ssms-2008","sql-server-2008"
"call-by-reference","pass-by-reference"
"group-by-time-interval","group-by"
"group-by-all","group-by"
"css-sibling","css-selectors"
"osx-yosemite10.10","osx-yosemite"
"order-by","sql-order-by"
"binary-system","binary"
"binary-number","binary"
"wordpress-permission","wordpress"
"queryset","django-queryset"
"reactive-extensions-js","rxjs"
"slicing","slice"
"passportjs","passport.js"
"apache-jmeter","jmeter"
"embedded-javascript","ejs"
"array-slice","slice"
"slices","slice"
"string-slice","slice"
"google-datastore","google-cloud-datastore"
"gae-datastore","google-cloud-datastore"
"java-collections-api","collections"
"windows-azure-blob","azure-blob-storage"
"trellis","lattice"
"compass","compass-sass"
"scratch","mit-scratch"
"nivo","nivo-slider"
"django-many-to-many","django-orm"
"django-template-tags","django-templates"
"django-fields","django-models"
"django-imagefield","django-models"
"django-multi-db","django-orm"
"bounded-wildcard","pecs"
"sequelize","sequelize.js"
"amazon-lambda","aws-lambda"
"vba-macros","vba"
"macros-vba","vba"
"io.js","node.js"
"select-statement","sql"
"iterative","iteration"
"reverse-polish-notation","postfix-notation"
"urlmappings","url-mapping"
"nth-of-type","css-selectors"
"mongodb-arrays","arrays"
"quaternion","quaternions"
"publishing","publish"
"arquillian","jboss-arquillian"
"return-statement","return"
"select-tag","html-select"
".net-4.5.3",".net-4.6"
"audio-playing","audio-player"
"alphablend","alphablending"
"facade-pattern","facade"
"office365-addin","office365-apps"
"move-semantics","move"
"scalajs","scala.js"
"meteorjs","meteor"
"java-util-scanner","java.util.scanner"
"alternate-stylesheets","css"
"qt-stylesheet","qtstylesheets"
"google-cloud","google-cloud-platform"
"webservlet","servlets"
"uipicker","uipickerview"
"jquery-dynatree","dynatree"
"adf-faces","oracle-adf"
"x.509","x509"
"url-protocol","url-scheme"
"uri-scheme","url-scheme"
"unittest","unit-testing"
"encryption-asymmetric","public-key-encryption"
"inline-block","css"
"directories","directory"
"ilist","list"
"peano-numbers","successor-arithmetics"
"cstring","c-strings"
"intellij-idea-14","intellij-14"
"css-combinators","css-selectors"
"stackoverflow-api","stackexchange-api"
"work-item-tracking","tfs-workitem"
"work-item","tfs-workitem"
"process-template","tfs-process-template"
"android-ui","android"
"self-executing-function","iife"
"dust.js-linkedin","dust.js"
"cpanm","cpan"
"css-box-model","css"
"node-async","async.js"
"stackoverflowerror","stack-overflow"
"stackoverflowexception","stack-overflow"
"turtle","turtle-graphics"
"pixel-shader","fragment-shader"
"mysqld","mysql"
"mysqlclient","mysql"
"empty-string","string"
"sub-arrays","arrays"
"character-arrays","arrays"
"ace.js","ace-editor"
"elixir-lang","elixir"
"excel-macro","excel"
"videojs","video.js"
"uber","uber-api"
"azure-web-apps","azure-web-app-service"
"smartbear-testcomplete","testcomplete"
"big-theta","big-o"
"formulas","formula"
"asymptotic-complexity","complexity-theory"
"font-weight","css"
"swift-generics","generics"
"cljx","clojure"
"sql-server-express-2012","sql-server-2012-express"
"yield-keyword","yield"
"column-store-index","columnstore"
"sails","sails.js"
"dir","directory"
"swift1.2","swift"
"foreign-key-relationship","foreign-keys"
"java-generics","generics"
"javascript-library","javascript"
"deciphering","encryption"
"reactjs-flux","flux"
"percent-encoding","urlencode"
"uriencoding","urlencode"
"nw.js","node-webkit"
"angular-directive","angularjs-directive"
"dialects","dialect"
"jquery-core","jquery"
"angularjs-ui-router","angular-ui-router"
"shellscript","shell"
"tableviewcell","uitableview"
"nim","nim-lang"
"jquery-live","jquery"
"asn1","asn.1"
"geopositioning","geolocation"
"iads","iad"
"oracle-commerce","atg"
"qliksense","qlikview"
"habtm","has-and-belongs-to-many"
"apiary","apiary.io"
"realm.io","realm"
"infix","infix-notation"
"azure-app-service","azure-web-app-service"
"react","reactjs"
"custom-routes","routes"
"routing","routes"
"document.ready","document-ready"
"claims","claims-based-identity"
"xml-file","xml"
"microsoft-web-deploy","webdeploy"
"uidynamics","uikit-dynamics"
"object-lifetime","lifetime"
"servicereference","service-reference"
"php-fpm","php"
"quartus-ii","quartus"
"mlint","matlab"
"js-amd","amd"
"apache-jena","jena"
"jcodemodel","sun-codemodel"
"jquery-blockui","blockui"
"javascript-runtime","javascript"
"concurrency-violation","concurrency"
"lazy-initialization","lazy-loading"
"idea-plugin","intellij-plugin"
"declarations","declaration"
"codeigniter-url","codeigniter"
"codeigniter-routing","codeigniter"
"codeigniter-form-helper","codeigniter"
"matcaffe","caffe"
"codeigniter-validation","codeigniter"
".net-async-await","async-await"
"fixture","fixtures"
"jscript.net","jscript"
"chartjs","chart.js"
"openerp-8","odoo-8"
"google-api-oauth","google-oauth"
"hashes","hash"
"optimizer","optimization"
"prng","random"
"duplicate-removal","duplicates"
"duplicate-data","duplicates"
"duplication","duplicates"
"deduplication","duplicates"
"no-duplicates","duplicates"
"duplicate-content","duplicates"
"duplicate-detection","duplicates"
"ignore-duplicates","duplicates"
"lpsolveapi","lpsolve"
"maximization","maximize"
"timezoneoffset","timezone"
"redirecting","http-redirect"
"angularjs-promise","angular-promise"
"swift2.0","swift2"
"google-pagespeed","pagespeed"
"entity-framework-6.1","entity-framework-6"
"entity-framework-4.3.1","entity-framework-4.3"
"entity-framework-4.2","entity-framework-4.1"
"laravel-5.1","laravel-5"
"fedex-api","fedex"
"fedex-shipping","fedex"
"mining","data-mining"
"androiddesignsupport","android-design-library"
"angles","angle"
"uniform-initialization","list-initialization"
"xubuntu","ubuntu"
"kubuntu","ubuntu"
"lubuntu","ubuntu"
"c3","c3.js"
"cancancan","cancan"
"env","environment-variables"
"paperclip-validation","paperclip"
"active-record-query","activerecord"
"activerecord-relation","activerecord"
"clicked","click"
"javascript-async-await","ecmascript-async-await"
"alt","alt-attribute"
"efi","uefi"
"es7","ecmascript-2016"
"ionic","ionic-framework"
"dialogbox","dialog"
"plunkr","plunker"
"substitute","substitution"
"codeigniter-activerecord","codeigniter"
"codeigniter-pagination","codeigniter"
"scraper","web-scraping"
"webpagescraping","web-scraping"
"cocoon","apache-cocoon"
"firebasesimplelogin","firebase-authentication"
"vscode","visual-studio-code"
"privatekey","private-key"
"vcalendar","icalendar"
"semver","semantic-versioning"
"vs2015","visual-studio-2015"
"jump-lists","jump-list"
"python-c-extension","python-c-api"
"muc","multiuserchat"
"groupchat","multiuserchat"
"sqlce","sql-server-ce"
"kafka","apache-kafka"
"pycaffe","caffe"
"gcm","google-cloud-messaging"
"android-gcm","google-cloud-messaging"
"tika","apache-tika"
"sql-server-express-2008","sql-server-2008-express"
"edge-browser","microsoft-edge"
"multi-column","multiple-columns"
"computed-columns","calculated-columns"
"symbol","symbols"
"pdfviewer","pdf-viewer"
"m-file","matlab"
"spark-sql","apache-spark-sql"
"aurelia-binding","aurelia"
"aurelia-navigation","aurelia"
"aurelia-router","aurelia"
"aurelia-validation","aurelia"
"aurelia-event-aggregator","aurelia"
"aurelia-templating-router","aurelia"
"lmer","lme4"
"angular-http","angularjs-http"
"interpolate","interpolation"
"css-menu","css"
"data-validation","validation"
"pkcs7","pkcs#7"
"material-theme","material-design"
"webdriverjs","selenium-webdriver"
"vfp","visual-foxpro"
"recyclerview","android-recyclerview"
"aspnet-identity","asp.net-identity"
"angularjs-ng-class","ng-class"
"fcgi","fastcgi"
"meanio","mean.io"
"date-calculation","date-arithmetic"
"waterline.js","waterline"
"controlleras","angularjs-controlleras"
"genetic","genetic-algorithm"
"angularjs-ng-options","ng-options"
"worklight","ibm-mobilefirst"
"ptr","pointers"
"aws-ec2","amazon-ec2"
"aws-command-line","aws-cli"
"tsv","csv"
"angularjs-resource","ngresource"
"flash-player","flash"
"flash-ide","flash"
"android-m","android-6.0-marshmallow"
"android-marshmallow","android-6.0-marshmallow"
"wp-query","wordpress"
"python-extensions","python-c-api"
"minidump","crash-dumps"
"css-reset","css"
"wordpress-theme-customize","wordpress"
"android-pay","google-wallet"
"wpfstyle","wpf-style"
"bits","bit"
"universal-reference","forwarding-reference"
"aarch64","arm64"
"swift-array","arrays"
"android-toolbar","android-actionbar-compat"
"fab","floating-action-button"
"singleton-methods","singleton"
"application-singleton","singleton"
"acf","advanced-custom-fields"
"epd-python","canopy"
"override","overriding"
"autoboxing","boxing"
"unboxing","boxing"
"little-endian","endianness"
"big-endian","endianness"
"undefined-symbol","undefined-reference"
"byte-order","endianness"
"multipart-form","multipartform-data"
"pretty-urls","friendly-url"
"entity-framework-mapping","entity-framework"
"basemap","matplotlib-basemap"
"flink","apache-flink"
"direct3d11","directx-11"
"spark-dataframe","apache-spark-sql"
"mllib","apache-spark-mllib"
"gst","gstreamer"
"fstat","stat"
"corona-storyboard","coronasdk"
"h2db","h2"
"fms","flash-media-server"
"cocoa-touch-framework","cocoa-touch"
"jinja","jinja2"
"cljc","clojure"
"concurrent-programming","concurrency"
"multicastsocket","multicast"
"object-pascal","delphi"
"wer","windows-error-reporting"
"make","makefile"
"vanity-url","friendly-url"
"storm","apache-storm"
"ca-ac","rally"
"agile-central","rally"
"oracle-service-cloud","rightnow-crm"
"here-maps","here-api"
"uhd","usrp"
"apple-tvos","tvos"
"jointable","join"
"xamarin-forms","xamarin.forms"
"function-overloading","overloading"
"bezier-curve","bezier"
"google-recaptcha","recaptcha"
"ecmascript-2015","ecmascript-6"
"knppaginatorbundle","knppaginator"
"gh-pages","github-pages"
"play-json","playframework-json"
"locals","local-variables"
"vanilla-javascript","javascript"
"javascript-module","javascript"
"elastic","elasticsearch"
"meteor.js","meteor"
"kext","kernel-extension"
"openshift-enterprise","openshift"
"wallet","passbook"
"camel","apache-camel"
"string-split","split"
"shapedrawable","android-shapedrawable"
"android-avd","android-virtual-device"
"f#-make","f#-fake"
"ia-32","x86"
"non-ascii-chars","non-ascii-characters"
"accented-strings","non-ascii-characters"
"svgz","svg"
"repeating","repeat"
"swift2.1","swift2"
"es2015","ecmascript-6"
"genymotion-call","genymotion"
"u-law","mu-law"
"jdk9","java-9"
"function-template","function-templates"
"laravel-paginate","laravel-pagination"
"jasperprint","jasper-reports"
"dialogue","dialog"
"android-6.0.1","android-6.0-marshmallow"
"blade","laravel-blade"
"true-type-fonts","truetype"
"case-expression","case"
"case-statement","case"
"phtml","php"
"multipart","multipartform-data"
"select2","jquery-select2"
"jrxml","jasper-reports"
"text-analysis","nlp"
"globbing","glob"
"wordpress-plugin","wordpress"
"crontab","cron"
"wpdb","wordpress"
"angular-services","angularjs-service"
"universal-time","utc"
"custom-tag","custom-tags"
"customtags","custom-tags"
"angularjs-ng-show","ng-show"
"def","function"
"asp.net-5","asp.net-core"
"asp.net-mvc-6","asp.net-core-mvc"
"entity-framework-7","entity-framework-core"
"asp.net-vnext","asp.net-core"
"geocoding","geospatial"
"liquid-layout","fluid-layout"
"komodo","komodo-ide"
"yahoo-pipes","yql"
"microsoft-reporting","reporting-services"
"java-persistence-api","jpa"
"android-framework","android"
"shade","maven-shade-plugin"
"testdrivendesign","tdd"
"recyclerview-layout","android-recyclerview"
"appc-ti","appcelerator-titanium"
"titanium-android","appcelerator-titanium"
"titanium-proxy","appcelerator-titanium"
"fscanf","scanf"
"sscanf","scanf"
"db2i","db2-400"
"appc-studio","appcelerator-studio"
"appc-alloy","appcelerator-alloy"
"vs-unit-testing-framework","mstest"
"saml2","saml-2.0"
"eager","eager-loading"
"owl2","owl-carousel-2"
"moss","sharepoint"
"xrm","dynamics-crm"
"pdi","kettle"
"pad","padding"
"rrd","rrdtool"
"mvc5","asp.net-mvc-5"
".cs-file","c#"
"menuitem","menu"
"submenu","menu"
"atscript","typescript"
"uiresponder","resignfirstresponder"
"c#-nameof","nameof"
"reviews","review"
"azure-mobile-app","azure-mobile-services"
"bootstrap-framework","twitter-bootstrap"
"d3js","d3.js"
"es6-harmony","ecmascript-6"
"firebase-android","firebase"
"titanium-modules","appcelerator-titanium"
"slimframework","slim"
"negative-margin","margin"
"uitableviewcelll","uitableview"
"simplexml-load-string","simplexml"
"crashlytics-android","crashlytics"
"graphael","raphael"
"phonegap-plugins","cordova-plugins"
"source-to-source","transpiler"
"realmswift","realm"
"azure-arm","azure-resource-manager"
"project-oxford","azure-cognitive-services"
"textureview","android-textureview"
"mediarecorder","android-mediarecorder"
"android-realm","realm"
"realm-cocoa","realm"
"excel-indirect","excel-formula"
"excel-match","excel-formula"
"packages","package"
"data.frame","dataframe"
"mvc-core","asp.net-core-mvc"
"intellij-2016.1","intellij-idea"
"python-xray","python-xarray"
"spring-junit","spring-test"
"vertx.io","vert.x"
"vertx","vert.x"
"vertx3","vert.x"
"onedefinitionrule","one-definition-rule"
"odr","one-definition-rule"
"visual-studio-online","azure-devops"
"inline-if","conditional-operator"
"ble","bluetooth-lowenergy"
"unity","unity-game-engine"
"swift2.2","swift2"
"ansible-playbook","ansible"
"fabric-twitter","twitter-fabric"
"gulp.watch","gulp-watch"
"qt-connection","signals-slots"
"swift2.2.1","swift2"
"amazonapi","amazon-api"
"eventsource","server-sent-events"
"sorted","sorting"
"ibm-was-oc","websphere"
"google-analytics-filters","google-analytics"
"xelement","linq-to-xml"
"swift3.0","swift3"
"date-sorting","sorting"
"tcp-ip","tcp"
"restful-architecture","rest"
"ecommerce","e-commerce"
"random-sample","random"
"thrift-protocol","thrift"
"corenlp","stanford-nlp"
"google-protobuf","protocol-buffers"
"agile-project-management","agile"
"agile-processes","agile"
"signing","digital-signature"
"deeplink","deep-linking"
"ibm-watson-cognitive","ibm-watson"
"bluemix","ibm-cloud"
"mobilefirst","ibm-mobilefirst"
"cortana-analytics","cortana-intelligence"
"cloudformation","aws-cloudformation"
"managed-vm","google-managed-vm"
"html-manipulation","dom-manipulation"
"windows-phone-10","windows-10-mobile"
"gundb","gun"
"sqlexpress","sql-server-express"
"static-array","arrays"
"mysqldump","mysql"
"itextsharp","itext"
"wicket-6","wicket-1.6"
"typedarray","typed-arrays"
"ida-pro","ida"
"sql-azure","azure-sql-database"
"url-redirection","http-redirect"
"lexer","lexical-analysis"
"d3v4","d3.js"
"jquery-draggable","jquery-ui-draggable"
"jquery-droppable","jquery-ui-droppable"
"jquery-autocomplete","jquery-ui-autocomplete"
"jquery-tabs","jquery-ui-tabs"
"select-menu","jquery-ui-selectmenu"
"jquery-slider","jquery-ui-slider"
"jquery-spinner","jquery-ui-spinner"
"jquery-tooltip","jquery-ui-tooltip"
"latin1","iso-8859-1"
"utf8-decode","utf-8"
"jquery-dialog","jquery-ui-dialog"
"jquery-resizable","jquery-ui-resizable"
"protoc","protocol-buffers"
"jquery-widget-factory","jquery-ui-widget-factory"
"selectable","jquery-ui-selectable"
"jquery-ui-menubar","jquery-ui-menu"
"jquery-accordion","jquery-ui-accordion"
"query-plans","sql-execution-plan"
"explain-plan","sql-execution-plan"
"query-execution-plans","sql-execution-plan"
"query-plan","sql-execution-plan"
"execution-plan","sql-execution-plan"
"findall-prolog","prolog-findall"
"alexa-skill","alexa-skills-kit"
"realm-net","realm"
"javax.ws.rs","jax-rs"
"oraclejdk","java"
"apache-hive","hive"
"dragon-naturallyspeaking","naturallyspeaking"
"userdefaults","nsuserdefaults"
"jdt","eclipse-jdt"
"bytearray","arrays"
"pixi","pixi.js"
"sourcetree","atlassian-sourcetree"
"jsonobject","json"
"laravel-5.2","laravel-5"
"laravel-5.3","laravel-5"
"windows-bash","windows-subsystem-for-linux"
"ubuntu-on-windows","windows-subsystem-for-linux"
"dotnetcore",".net-core"
"microsoft.codeanalysis","roslyn"
"frontcontroller","front-controller"
"gang-of-four","design-patterns"
"push-api","web-push"
"processingjs","processing.js"
"data-access-object","dao"
"json-web-token","jwt"
"gawk","awk"
"language-integrated-query","linq"
"ultragrid","ultrawingrid"
"spring-web","spring-mvc"
"table-valued-function","user-defined-functions"
"table-value-function","user-defined-functions"
"table-value-functions","user-defined-functions"
"ddk","wdk"
"google-maps-api-v3","google-maps-api-3"
"colour","colors"
"colours","colors"
"oo","oop"
"object-orientation","oop"
"ood","oop"
"rng","random"
"gems","rubygems"
"datatype","types"
"links","hyperlink"
"networks","network-programming"
"rx.net","system.reactive"
"azuread","azure-active-directory"
"netflix-feign","feign"
"fsharp.data.typeproviders","f#-data"
"ecs","amazon-ecs"
"unparseable","parseexception"
"sede","dataexplorer"
"main-activity","android-activity"
"swift2.3","swift2"
"revolution-r","microsoft-r"
"yahoo-api","yql"
"lisp-macros","macros"
"scala-macros","macros"
"fps","frame-rate"
"phaser.io","phaser-framework"
"oauth2","oauth-2.0"
"compiler-design","compiler-construction"
"polymer-1.x","polymer-1.0"
"vuejs","vue.js"
"dcos","mesosphere"
"google-consumer-surveys","google-surveys"
"react-jsx","reactjs"
"py2to3","python-2to3"
"2to3","python-2to3"
"template-strings","template-literals"
"ios2","iphone-sdk-2"
"qstylesheet","qtstylesheets"
"splines","spline"
"bspline","spline"
"cubic-spline","spline"
"foxpro","visual-foxpro"
"integral","numerical-integration"
"multiple-regression","linear-regression"
"dotnet-core",".net-core"
"mongodb-aggregation","aggregation-framework"
"dynamic-css","css"
"pkcs12","pkcs#12"
"aws-rds","amazon-rds"
"python-3.5.2","python-3.5"
"css-borders","css"
"jenkins-workflow","jenkins-pipeline"
"jenkinsfile","jenkins-pipeline"
"javaassist","javassist"
"memorystream","stream"
"highstock","highcharts"
"highmaps","highcharts"
"swift3.0.1","swift3"
"web-control","web-controls"
"principal-components","pca"
"d3.js-v4","d3.js"
"skus","sku"
"xcode8.1","xcode8"
"params","parameters"
"param","parameters"
"wildcard-expansion","glob"
"gorilla-toolkit","gorilla"
"asp.net-core-1.1","asp.net-core-1.0"
"trait","traits"
"jade","pug"
"curvesmoothing","smoothing"
"princomp","pca"
"smooth","smoothing"
"loess","spline"
"polynomial-math","polynomials"
"insert-into","sql-insert"
"swift3.0.2","swift3"
"cocos2d-x-3.x","cocos2d-x-3.0"
"system.js","systemjs"
"xcode8-beta2","xcode8"
"xcode8-beta3","xcode8"
"xcode8-beta4","xcode8"
"xcode8-beta5","xcode8"
"xcode8-beta6","xcode8"
"xcode8.2","xcode8"
"htl","sightly"
"codeigniter-hmvc","codeigniter"
"vs-2015-preview","visual-studio-2015"
"mqseries","ibm-mq"
"websphere-mq","ibm-mq"
"exponents","exponent"
"libreadline","readline"
"vs2013-update-4","visual-studio-2013"
"vs-2013-update-2","visual-studio-2013"
"vs2010-express","visual-studio-2010"
"tfs-vnext","azure-pipelines"
"aws-iam","amazon-iam"
"zf3","zend-framework3"
"addclass","jquery"
"zookeeper","apache-zookeeper"
"php-include","php"
"aws-java-sdk","aws-sdk"
"templates-deduction","template-argument-deduction"
"laravel-eloquent","eloquent"
"chrome-web-driver","selenium-chromedriver"
"ant-design","antd"
"keystone.js","keystonejs"
"ia64","itanium"
"vso-build","azure-pipelines"
"visual-studio-2010-sp1","visual-studio-2010"
"visual-studio-2010-rc","visual-studio-2010"
"visual-studio-2010-beta-1","visual-studio-2010"
"visual-studio-2010-beta-2","visual-studio-2010"
"mtm","microsoft-test-manager"
"geojason","geojson"
"android-proguard","proguard"
"viml","vim"
"botbuilder","botframework"
"botconnector","botframework"
"gmaven","gmaven-plugin"
"mtproto","telegram"
"pugjs","pug"
"dsx","data-science-experience"
"zul","zk"
"qwebkit","qtwebkit"
"customizing","customization"
"collisions","collision"
"interact-js","interact.js"
"cloudwatch","amazon-cloudwatch"
"cells","cell"
"vectordrawable","android-vectordrawable"
"select-query","select"
"windows-applications","windows"
"force.com","salesforce"
"contactscontract","android-contacts"
"vue2","vuejs2"
"css-font-weight","css"
"surefire","maven-surefire-plugin"
"html-dataset","custom-data-attribute"
"toggleclass","jquery"
"removeclass","jquery"
"android-virtual-keyboard","virtual-keyboard"
"indesign","adobe-indesign"
".bash-profile","bash"
"bash-function","bash"
"watir-webdriver","watir"
"blogspot","blogger"
"pillow","python-imaging-library"
"cythonize","cython"
"google-spanner","google-cloud-spanner"
"icpc","icc"
"intel-c++","icc"
"composite-c1","c1-cms"
"udf","user-defined-functions"
"key-events","keyevent"
"strongloop","loopbackjs"
"python-coverage","coverage.py"
"messagepack","msgpack"
"visual-studio-community","visual-studio"
"visual-studio-2015-comm","visual-studio-2015"
"visual-studio-2015-ce","visual-studio-2015"
"rro","microsoft-r"
"jquery-after","jquery"
"elastic-load-balancer","amazon-elb"
"plt","matplotlib"
"database-trigger","triggers"
"ipp","intel-ipp"
"filenet-cpe","filenet-content-engine"
"bulletphysics","bullet"
"http-request","httprequest"
"dotnetnuke-module","dotnetnuke"
"dotnetnuke-settings","dotnetnuke"
"sign","digital-signature"
"adb-shell","adb"
"fcm","firebase-cloud-messaging"
"transactional","transactions"
"skimage","scikit-image"
"svg-path","svg"
"espresso","android-espresso"
"exponentjs","expo"
"tabpanel","tabs"
"angular1.6","angularjs-1.6"
"jquery-callback","jquery"
"jquery-get","jquery"
"jquery-post","jquery"
"swift3.1","swift3"
"stanford-parser","stanford-nlp"
"corenlp-server","stanford-nlp"
"aws-sdk-js","aws-sdk"
"jquery-find","jquery"
"css-grids","css-grid"
"brace-initialization","list-initialization"
"aws-sdk-cpp","aws-sdk"
"ssdt","sql-server-data-tools"
"bll","business-logic-layer"
"office365-restapi","office365api"
"jquery-css","jquery"
"jquery-on","jquery-events"
"hashalgorithm","hash"
"angular2","angular"
"angular4","angular"
"angular4.x","angular"
"angular1.x","angularjs"
"apache-sqoop","sqoop"
"jquery-hasclass","jquery"
"ipython-notebook","jupyter-notebook"
"hadoop-2.7.2","hadoop2"
"c5","concrete5"
"stanford-nlp-server","stanford-nlp"
"fabric-composer","hyperledger-composer"
"show","show-hide"
"hide","show-hide"
"android-install-apk","apk"
"gcp","google-cloud-platform"
"numba-pro","numba"
"reddit-api","reddit"
"string-hashing","hash"
"vs2017","visual-studio-2017"
"pecl","pear"
"prepare","prepared-statement"
"cgridview","yii"
"huffman-coding","huffman-code"
"ember-cli-addons","ember-addon"
"eventviewer","event-viewer"
"ews","exchangewebservices"
"exchangews","exchangewebservices"
"slick-carousel","slick.js"
"slick-js","slick.js"
"amazon-cloudwatch-metrics","amazon-cloudwatch"
"ms-graph","microsoft-graph-api"
"azure-documentdb","azure-cosmosdb"
"unity2d","unity-game-engine"
"unity5.3","unity-game-engine"
"jasper","jasper-reports"
"twitter-rest-api","twitter"
"android.harware.camera2","android-camera2"
"camera2","android-camera2"
"aiql","ms-app-analytics"
"quality-center","hp-quality-center"
"ajax-form","ajaxform"
"digest","hash"
"dynamodb","amazon-dynamodb"
"css-flexbox","flexbox"
"money","currency"
"aws-cognito","amazon-cognito"
"first-of-type","css-selectors"
"last-of-type","css-selectors"
"tensorflow-gpu","tensorflow"
"annotation-processor","annotation-processing"
"kafka-streams","apache-kafka-streams"
"charts.js","chart.js"
"data-extraction","extract"
"extraction","extract"
"remote-notifications","push-notification"
"substrings","substring"
"codemirror-modes","codemirror"
"non-standard-evaluation","nse"
"normalisation","normalization"
"ember-cp-validation","ember-cp-validations"
"dict-comprehension","dictionary-comprehension"
"azure-graph-api","azure-ad-graph-api"
"angularjs-ng-if","angular-ng-if"
"jenkins-shared-libraries","jenkins-pipeline"
"hyperledger","hyperledger-fabric"
"azure-directory-b2c","azure-ad-b2c"
"directx-12","direct3d12"
"cryptographichashfunction","cryptographic-hash-function"
"vs-team-services","azure-devops"
"visual-studio-team-services","azure-devops"
"ui-grid","angular-ui-grid"
"hana-studio","hana"
"hana-sql-script","hana"
"hana-xs","hana"
"subdomains","subdomain"
"microsoftgraph","microsoft-graph-api"
"onedrive-api","onedrive"
"variadic-parameter","variadic-functions"
"variable-length-arguments","variadic-functions"
"va-list","variadic-functions"
"va-arg","variadic-functions"
"pe","portable-executable"
"wscript","wsh"
"cscript","wsh"
"wsf","wsh"
"materializecss","materialize"
"materialize-css","materialize"
"materialize-js","materialize"
"event-listeners","event-listener"
"eventlistener","event-listener"
"member-function","member-functions"
"mongocsharpdriver","mongodb-.net-driver"
"mongo-csharp-driver","mongodb-.net-driver"
"mongodb-csharp","mongodb-.net-driver"
"intellij-idea-15","intellij-15"
"painless","elasticsearch-painless"
"parametrized-constructor","parameterized-constructor"
"emulate","emulation"
"emulator","emulation"
"static-function","static-functions"
"objc-bridging-header","bridging-header"
"wordpress-shortcode","shortcode"
"vr","virtual-reality"
"osk","on-screen-keyboard"
"amazon-cloudformation","aws-cloudformation"
"angular2-material","angular-material2"
"rails5","ruby-on-rails-5"
"rds","amazon-rds"
"torrent","bittorrent"
"multi-monitor","multiple-monitors"
"dual-monitors","multiple-monitors"
"dual-monitor","multiple-monitors"
"rmarkdown","r-markdown"
"ef-core","entity-framework-core"
"sql2016","sql-server-2016"
"xcode8.3","xcode8"
"xcode8.3.3","xcode8"
"xcode8.3.2","xcode8"
"rest-api","rest"
"jasper-plugin","jasper-reports"
"ui5","sapui5"
"sapui","sapui5"
"openui5","sapui5"
"drf","django-rest-framework"
"bs4","beautifulsoup"
"jquery-click-event","jquery-events"
"microsoft-cognitive","azure-cognitive-services"
"ms-dos","dos"
"freedos","dos"
"pc-dos","dos"
"8086","x86-16"
"8088","x86-16"
"8087","x87"
"8087cw","x87"
"pentium","x86"
"android-layout-xml","android-layout"
"androidstudio-settings","android-studio"
"share-intent","android-intent"
"css-custom-properties","css-variables"
"nifi","apache-nifi"
"az-application-insights","azure-application-insights"
"ms-application-insights","azure-application-insights"
"firebase-firestore","google-cloud-firestore"
"firestore","google-cloud-firestore"
"firebase-functions","google-cloud-functions"
"windows-azure-queues","azure-queues"
"windows-azure-diagnostics","azure-diagnostics"
"windows-azure-networking","azure-virtual-network"
"azure-networking","azure-virtual-network"
"windows-azure-pack","azure-pack"
"windows-azure-connect","azure-connect"
"cloud-firestore","google-cloud-firestore"
"firebase-cloud-firestore","google-cloud-firestore"
"chartjs-2.6.0","chart.js2"
"api.ai","dialogflow-es"
"xarray","python-xarray"
"data-type-conversion","type-conversion"
"wsl","windows-subsystem-for-linux"
"linking-errors","linker-errors"
"link-errors","linker-errors"
"multiple-definitions","multiple-definition-error"
"dwm-api","dwm"
"laravel-5.4","laravel-5"
"laravel-5.5","laravel-5"
"typeconverting","type-conversion"
"android-arch","android-architecture-components"
"android-arch-lifecycle","android-architecture-lifecycle"
"auxil-excel-add-in","invantive-control"
"openlink-virtuoso","virtuoso"
"ajax-request","ajax"
"bluemix-appid","ibm-appid"
"firebase-cloud-functions","google-cloud-functions"
"carto-mobile","nutiteq"
"elastic-beanstalk","amazon-elastic-beanstalk"
"vue","vue.js"
"unity3d-5","unity-game-engine"
"unity5","unity-game-engine"
"apache-cordova","cordova"
"visualstyles","visual-styles"
"aldryn","divio"
"google-cloud-ml-engine","google-cloud-ml"
"javaslang","vavr"
"amazon-sts","aws-sts"
"codeigniter-hooks","codeigniter"
"codeigniter-helpers","codeigniter"
"codeigniter-upload","codeigniter"
"aws-vpc","amazon-vpc"
"duckduckgo-search","duckduckgo"
"atlassian-stash","bitbucket-server"
"atlassian-bitbucketserver","bitbucket-server"
"scylladb","scylla"
"jdk1.8.0","java-8"
"build.gradle.kts","gradle-kotlin-dsl"
"pythonnet","python.net"
"visual-studio-for-mac","visual-studio-mac"
"asp.net-boilerplate","aspnetboilerplate"
"vs-app-center","visual-studio-app-center"
"aws-redshift","amazon-redshift"
"spring-config","spring"
"google-plus-one","google-plus"
"firebase-anonymous-authentication","firebase-authentication"
"mongolab","mlab"
"mayavi-mlab","mayavi.mlab"
"factory-girl","factory-bot"
"datapicker","datepicker"
"firebase-notifications","firebase-cloud-messaging"
"google-container-engine","google-kubernetes-engine"
"dynamics-365-sales","dynamics-365"
"parsexml","xml-parsing"
"google-guava-cache","guava"
"ibm-bluemix","ibm-cloud"
"bluemix-mobile-services","ibm-mobile-services"
"bluemixtools","ibm-cloud-tools"
"bluemix-plugin","ibm-cloud-plugin"
"osx","macos"
"rnn","recurrent-neural-network"
"non-printable","non-printing-characters"
"validating","validation"
"coinbase","coinbase-api"
"gdax","gdax-api"
"c++2a","c++20"
"scrollwheel","mousewheel"
"xmm","sse"
"facebook-account-kit","account-kit"
"turboc++","turbo-c++"
"azure-web-sites","azure-web-app-service"
"optional-arguments","optional-parameters"
"dynamics-crm-365","dynamics-365"
"microsoft-dynamics-webapi","dynamics-crm-webapi"
"pip3","pip"
"spring-jpa","spring-data-jpa"
".net-standard2.0",".net-standard-2.0"
"c++1z","c++17"
"apache-airflow","airflow"
"vtl","apache-velocity"
"asprepeater","repeater"
"leaflet-r","r-leaflet"
"firebase-cli","firebase-tools"
"square-connect","square"
"aws-kms","amazon-kms"
"aws-ses","amazon-ses"
"openjdk","java"
"watir-classic","watir"
"google-python-api","google-api-python-client"
"q-lang","kdb+"
"dotq","kdb+"
"aspnet-core","asp.net-core"
"owlim","graphdb"
"twitter-bootstrap-4","bootstrap-4"
"firebase-security-rules","firebase-security"
"reasonml","reason"
"word-web-addins","office-js"
"outlook-web-addins","office-js"
"wix.com","velo"
"mingw64","mingw-w64"
"piwik","matomo"
"icarus","iverilog"
"aspxgridview","gridview"
"nested-repeater","repeater"
"nested-gridview","gridview"
"gce","google-compute-engine"
"aws-athena","amazon-athena"
"linq-query-syntax","linq"
"ios-autolayout","autolayout"
"db2400","db2-400"
"radius-protocol","radius"
"kronos-wfc","kronos-workforce-central"
"rdfstore","triplestore"
"dgrid","dojo"
"fluent-entity-framework","entity-framework"
"entity-framework-designer","entity-framework"
"sql-to-entity-framework","entity-framework"
"firewatir","watir"
"phpdocumenter","phpdoc"
"aws-ecs","amazon-ecs"
"binder","android-binder"
"softlayer","ibm-cloud-infrastructure"
"d3v5","d3.js"
"opencobol","gnucobol"
"gnu-cobol","gnucobol"
"watson-conversation","watson-assistant"
"webflow-js","webflow"
"webflow-css","webflow"
"android-broadcastreceiver","broadcastreceiver"
"openshift-client-tools","openshift"
"k8s","kubernetes"
"signalr-core","asp.net-core-signalr"
"builtin","built-in"
"linked-data-platform","linked-data"
"serviceconnection","android-binder"
"piping","pipe"
"wearos","wear-os"
"android-wear","wear-os"
"navigationbar","navbar"
"es2017","ecmascript-2017"
"prestodb","presto"
"slf4j-api","slf4j"
"posix-api","posix"
"javax","java"
"completion","code-completion"
"kotlin-generics","generics"
"idiomatic","idioms"
"android-studio-plugin","intellij-plugin"
"react-admin","admin-on-rest"
"kafka-streams-scala","apache-kafka-streams"
"memory-order","memory-barriers"
"rbindlist","data.table"
"ifft","fft"
"implicits","implicit"
"factorygirl","factory-bot"
"scala-implicits","implicit"
"ppc","powerpc"
"unique-id","uniqueidentifier"
"application-lifecycle","lifecycle"
"tapply","apply"
"mata","stata"
"uisplitview","uisplitviewcontroller"
"spring-mongo","spring-mongodb"
"macosmojave","macos-mojave"
"hdd","hard-drive"
"dat","dat-protocol"
"asynchronously","asynchronous"
"cognito","amazon-cognito"
"spark-structured-streaming","structured-streaming"
"jquery-multiselect","jquery-ui-multiselect"
"jquery-filter","jquery"
"jquery-effects","jquery"
"code-timing","benchmarking"
"spark-framework","spark-java"
"pentaho-data-integration","pentaho-spoon"
"tez","apache-tez"
"exception-handling","exception"
"argument-deduction","template-argument-deduction"
"convolutional-neural-network","conv-neural-network"
"emr","amazon-emr"
"elastic-map-reduce","amazon-emr"
"dask.distributed","dask-distributed"
"aws-sns","amazon-sns"
"eclipse-webtools","eclipse-wtp"
"nextjs","next.js"
"watson","ibm-watson"
"qweb","odoo-qweb"
"qweb-report","odoo-qweb"
"vuetify","vuetify.js"
"google-spreadsheet-api","google-sheets-api"
"rational-numbers","rational-number"
"visjs","vis.js"
"revisions","revision"
"aws-sqs","amazon-sqs"
"data-visualization","visualization"
"slack","slack-api"
"oidc","openid-connect"
"dxl","ibm-doors"
"doors","ibm-doors"
"function-calls","function-call"
"entity-framework-core-2.1","ef-core-2.1"
"firestore-rules","firebase-security"
"tvp","table-valued-parameters"
"stripe.js","stripe-payments"
"stripe-connect","stripe-payments"
"stripe.net","stripe-payments"
"paypal-express","paypal"
"pwa","progressive-web-apps"
"check-constraint","check-constraints"
"material-design-light","material-design-lite"
"amazon-device-farm","aws-device-farm"
"analog-digital-converter","adc"
"file-moving","file-move"
"android-pie","android-9.0-pie"
"android-p","android-9.0-pie"
"mapkitannotation","mkannotation"
"mkmapviewdelegate","mkmapview"
"postfix","postfix-mta"
"mws","amazon-mws"
"azure-storage-blobs","azure-blob-storage"
"graphic","graphics"
"mysqlsh","mysql"
"numerical","numeric"
"numerics","numeric"
"ghost","ghost-blog"
"android-collapsingtoolbar","android-collapsingtoolbarlayout"
"collapsingtoolbarlayout","android-collapsingtoolbarlayout"
"py","python"
"apache-ignite","ignite"
"clocks","clock"
"data-stores","datastore"
"uwp-community-toolkit","windows-community-toolkit"
"models","model"
"views","view"
"controllers","controller"
"connections","connection"
"mappings","mapping"
"clients","client"
"sliders","slider"
"formats","format"
"chars","char"
"form-authentication","forms-authentication"
"words","cpu-word"
"setting","settings"
"scrollbars","scrollbar"
"screens","screen"
"labels","label"
"versions","version"
"overrides","overriding"
"overlays","overlay"
"projects","project"
"lines","line"
"drivers","driver"
"listeners","listener"
"blobs","blob"
"ports","port"
"tensorflow-js","tensorflow.js"
"kr-c","kernighan-and-ritchie"
"coordinate","coordinates"
"limits","limit"
"panels","panel"
"handlers","handler"
"contact","contacts"
"defaults","default"
"externals","external"
"messages","message"
"documents","document"
"android-architecture-workmanager","android-workmanager"
"digital-certificate","certificate"
"javax.sound.sampled","javasound"
"javax.sound.midi","javasound"
"elk-stack","elastic-stack"
"states","state"
"feeds","feed"
"parents","parent"
"instances","instance"
"mvcrazor","razor"
"bit-fiddling","bit-manipulation"
"arraycopy","arrays"
"doctrine-dbal","dbal"
"photos","photo"
"toolbars","toolbar"
"sequences","sequence"
"filestreams","filestream"
"profiles","profile"
"resolutions","resolution"
"polygons","polygon"
"converter","converters"
"forums","forum"
"diagrams","diagram"
"pixels","pixel"
"records","record"
"role","roles"
"relationships","relationship"
"targets","target"
"controltemplates","controltemplate"
"control-template","controltemplate"
"environments","environment"
"shortcuts","shortcut"
"subviews","subview"
"helpers","helper"
"java.time","java-time"
"contain","contains"
"metatag","html-meta"
"virtualhosts","virtualhost"
"virtual-hosts","virtualhost"
"requires","require"
"definitions","definition"
"monitors","monitor"
"webservices-client","webservice-client"
"firebase-database","firebase-realtime-database"
"rule","rules"
"handles","handle"
"gestures","gesture"
"wraps","wrap"
"itemrenderers","itemrenderer"
"products","product"
"convention","conventions"
"datacontracts","datacontract"
"heroku-cli","heroku-toolbelt"
"android-n","android-7.0-nougat"
"android-o","android-8.0-oreo"
"signatures","signature"
"privilege","privileges"
"packets","packet"
"alarms","alarm"
"shadows","shadow"
"predicates","predicate"
"google-api-explorer","google-apis-explorer"
"listboxitems","listboxitem"
"procedures","procedure"
"internal","internals"
"metric","metrics"
"members","member"
"accounts","account"
"hiddenfield","hidden-field"
"hidden-fields","hidden-field"
"equations","equation"
"named-scopes","named-scope"
"subscriptions","subscription"
"areas","area"
"android-sharedpreferences","sharedpreferences"
"rollovers","rollover"
"model-binders","modelbinders"
"stubs","stub"
"continuation","continuations"
"perspectives","perspective"
"regions","region"
"custom-validators","customvalidator"
"treemaps","treemap"
"endpoints","endpoint"
"playlists","playlist"
"tree-nodes","treenode"
"gateways","gateway"
"agents","agent"
"faults","fault"
"variants","variant"
"restrictions","restriction"
"subreports","subreport"
"curves","curve"
"assertions","assertion"
"mouse-listener","mouselistener"
"bitsets","bitset"
"figures","figure"
"servercontrol","servercontrols"
"demos","demo"
"manuals","manual"
"number-rounding","rounding"
"decimal-format","decimalformat"
"vsts-release-task","azure-pipelines-release-task"
"vsts-local-build-agent","azure-devops-self-hosted-agent"
"vsts-extension","azure-devops-extensions"
"vsts-package-management","azure-artifacts"
"vsts-restapi","azure-devops-rest-api"
"vsts-api","azure-devops-rest-api"
"vsts-build-task","azure-pipelines-build-task"
"vsts-release","azure-pipelines-release-pipeline"
"vsts-build","azure-pipelines"
"vsts","azure-devops"
"paragraphs","paragraph"
"keystrokes","keystroke"
"captions","caption"
"drives","drive"
"web-user-controls","webusercontrol"
"webusercontrols","webusercontrol"
"scripting-languages","scripting-language"
"event-triggers","eventtrigger"
"nszombies","nszombie"
"digit","digits"
"clean-url","clean-urls"
"lights","light"
"bit-masks","bitmask"
"nuxt","nuxt.js"
"invoices","invoice"
"touch-events","touch-event"
"viewhelper","view-helpers"
"opcodes","opcode"
"nsdatecomponent","nsdatecomponents"
"google-amp","amp-html"
"accelerated-mobile-page","amp-html"
"method-overriding","overriding"
"function-overriding","overriding"
"routedcommand","routed-commands"
"affiliates","affiliate"
"log-files","logfile"
"routedevent","routed-events"
"routedevents","routed-events"
"particle","particles"
"drop-shadow","dropshadow"
"executors","executor"
"enumerators","enumerator"
"segments","segment"
"contracts","contract"
"operations","operation"
"ajax-forms","ajaxform"
"favorite","favorites"
"rates","rate"
"proofs","proof"
"measures","measure"
"workflow-services","workflowservice"
"network-shares","network-share"
"data-members","datamember"
"avatars","avatar"
"object-initializer","object-initializers"
"formhelper","form-helpers"
"options-menu","optionmenu"
"quotas","quota"
"letters","letter"
"mappers","mapper"
"writers","writer"
"update-attribute","update-attributes"
"subforms","subform"
"callout","callouts"
"indexed-views","indexed-view"
"windowsformhost","windowsformshost"
"symbol-tables","symbol-table"
"modalpopups","modalpopup"
"modal-popup","modalpopup"
"extras","extra"
"buckets","bucket"
"modifiers","modifier"
"formsets","formset"
"resource-file","resource-files"
"detail","details"
"aspects","aspect"
"help-files","helpfile"
"ivars","ivar"
"voxels","voxel"
"templatetag","templatetags"
"remote-connections","remote-connection"
"custom-event","custom-events"
"er-diagram","erd"
"data-layer","data-layers"
"instance-method","instance-methods"
"data-formats","dataformat"
"class-attribute","class-attributes"
"aggregators","aggregator"
"phrases","phrase"
"discounts","discount"
"hostheader","hostheaders"
"vendors","vendor"
"zones","zone"
"fiber","fibers"
"service-pack","servicepacks"
"operand","operands"
"inspections","inspection"
"pointcuts","pointcut"
"variation","variations"
"controller-actions","controller-action"
"interruptions","interruption"
"panes","pane"
"custom-tools","customtool"
"background-agent","background-agents"
"formfield","form-fields"
"browser-scrollbars","scrollbar"
"new","new-operator"
"dynamic-method","dynamicmethod"
"designview","design-view"
"custom-paging","custompaging"
"control-panel","controlpanel"
"com-object","comobject"
"filestructure","file-structure"
"event-validation","eventvalidation"
"eventreceiver","event-receiver"
"event-queue","eventqueue"
"edit-control","editcontrol"
"data-compression","compression"
"scala-generics","generics"
"flex-mojos","flexmojos"
"partialviews","partial-views"
"oracle-client","oracleclient"
"operation-contract","operationcontract"
"mvcminiprofiler","mvc-mini-profiler"
"multi-targeting","multitargeting"
"lostfocus","lost-focus"
"lookup-field","lookupfield"
"logfiles","logfile"
"lastinsertid","last-insert-id"
"get-method","getmethod"
"formsauthentication","forms-authentication"
"struts1","struts-1"
"static-resource","staticresource"
"state-server","stateserver"
"singleinstance","single-instance"
"sessionstorage","session-storage"
"run-loop","runloop"
"property-editor","propertyeditor"
"windows-forms-host","windowsformshost"
"webproject","web-project"
"webcontent","web-content"
"web-client","webclient"
"user-location","userlocation"
"trace-listener","tracelistener"
"top-down","topdown"
"thread-static","threadstatic"
"syndicationfeed","syndication-feed"
"strictmode","android-strictmode"
"image-icon","imageicon"
"cllocationmanager","core-location"
"top-n","greatest-n-per-group"
"amp-story","amp-stories"
"custom-exceptions","exception"
"google-calendar-api3","google-calendar-api"
"pyspark-sql","apache-spark-sql"
"winword","ms-word"
"mirth-connect","mirth"
"py.test","pytest"
"multi-tier","n-tier-architecture"
"three-tier","n-tier-architecture"
"ecmascript-8","ecmascript-2017"
"draggable","drag-and-drop"
"aws-sdk-dotnet","aws-sdk-net"
"wikidata-api","wikidata"
"android-tabs","android-tablayout"
"website","web"
"sharepoint-online-rest-api","sharepoint-rest-api"
"aerospike-ce","aerospike"
"vanilla-js","javascript"
"vanillajs","javascript"
"spring-data-neo4j-5","spring-data-neo4j"
"spring-data-neo4j-4","spring-data-neo4j"
"py3","python-3.x"
"android-9.0-p","android-9.0-pie"
"springjunit4classrunner","spring-test"
"python-list","list"
"apex-code","apex"
"gcloud-python","google-cloud-python"
"mdc-components","material-components-web"
"pyunit","python-unittest"
"php-namespaces","php"
"google-admob","admob"
"webpage","html"
"s3-bucket","amazon-s3"
"flatassembler","fasm"
"nelmio-api-doc","nelmioapidocbundle"
"nelmio-cors","nelmiocorsbundle"
"bloom","bloom-filter"
"azure-template","azure-rm-template"
"natural-language-processing","nlp"
"flow-bin","flowtype"
"general-purpose-registers","cpu-registers"
"pp","perl-packager"
"azure-kubernetes","azure-aks"
"string-to-datetime","date-parsing"
"hp-loadrunner","loadrunner"
".war","war"
"war-files","war"
"gutenberg","wordpress-gutenberg"
"aws-lex","amazon-lex"
"kotlinx.coroutines","kotlin-coroutines"
"outlook-api","outlook-object-model"
"listiterator","iterator"
"calcite","apache-calcite"
"circular","circular-dependency"
"aws-elasticbeanstalk","amazon-elastic-beanstalk"
"chinese","cjk"
"korean","cjk"
"japanese","cjk"
"uncompress","compression"
"decompression","compression"
"decompress","compression"
"reentrant","reentrancy"
"doctrine2","doctrine-orm"
"doctrine2-postgres","doctrine-orm-postgres"
"doctrine2-filters","doctrine-orm-filters"
"psycopg","psycopg2"
"android-fab","floating-action-button"
"pandas-groupby","group-by"
"xamarin.droid","xamarin.android"
"cloud-sponge","cloudsponge"
"downcasting","downcast"
"nomenclature","terminology"
"authorize.net-arb","arb"
"ahk","autohotkey"
"evaluation-order","operator-precedence"
"order-of-evaluation","operator-precedence"
"order-of-operations","operator-precedence"
"jdk11","java-11"
"pwsh","powershell-core"
"esri-javascript-api","arcgis-js-api"
"robomongo","robo3t"
"aws-iam-roles","amazon-iam"
"paypal-checkout","paypal"
"emgu","emgucv"
"ses","amazon-ses"
"trading-view","tradingview-api"
"tradingview","tradingview-api"
"prismatic-schema","plumatic-schema"
"android-sugarorm","sugarorm"
"android-exoplayer","exoplayer"
"wowjs","wow.js"
"memory-ordering","memory-barriers"
"invalidate","invalidation"
"coordinated-universal-time","utc"
"method-overloading","overloading"
"android-fragmentmanager","fragmentmanager"
"git-conflict-resolution","git-merge-conflict"
"immutablejs","immutable.js"
"state-machines","state-machine"
"finite-state-machine","state-machine"
"travis","travis-ci"
"optionbutton","radio-button"
"option-button","radio-button"
"radiobutton","radio-button"
"julia-lang","julia"
"julialang","julia"
"category","categories"
"mcts","monte-carlo-tree-search"
"appc","appcelerator"
"apache-coccoon","apache-cocoon"
"overcommit","memory-overcommitment"
"brew","homebrew"
"bpf","ebpf"
"precedence","operator-precedence"
"jaws","jaws-screen-reader"
"kv","kivy-language"
"amp","asynchronous-messaging-protocol"
"can","can-bus"
"rolling","rolling-computation"
"appmaker","google-app-maker"
"wifi-configuration","wifi"
"decentralized","distributed"
"casing-conventions","naming-conventions"
"qss","qtstylesheets"
"special-methods","magic-methods"
"windows-taskbar","taskbar"
"qt-style-sheets","qtstylesheets"
"qt-style-sheet","qtstylesheets"
"hypersql","hsqldb"
"blogger-dynamic-views","blogger"
"vapor3","vapor"
"vapor2","vapor"
"as3-api","actionscript-3"
"aurelia-framework","aurelia"
"twitter-finagle","finagle"
"corb","marklogic-corb"
"typehints","type-hinting"
"zeppelin","apache-zeppelin"
"google-services","google-play-services"
"kotlin-anko","anko"
"ocp","open-closed-principle"
"dip-principle","dependency-inversion"
"srp","single-responsibility-principle"
"lsp","liskov-substitution-principle"
"isp-principle","interface-segregation-principle"
"docker-notary","notary"
"google-services-json","google-play-services"
"llvm-clang","clang"
"envoy","envoyproxy"
"docusign","docusignapi"
"react-vr","react-360"
"struts-1.x","struts-1"
"youtube-api-v3","youtube-data-api"
"youtube-data-api-v3","youtube-data-api"
"youtube-v3-api","youtube-data-api"
"youtube-reporting-api","youtube-analytics-api"
"case-when","case"
"firestore-security-rules","firebase-security"
"eureka","netflix-eureka"
"personal-digital-assistant","handhelddevice"
"pda","pushdown-automaton"
"d2","d"
"vue-js","vue.js"
"sql-anywhere","sqlanywhere"
"charles","charles-proxy"
"kevin-bacon","bacon-number"
"numeric-format","number-formatting"
"kismet","kismet-udk"
"juno","openstack-juno"
"android-architecture-livedata","android-livedata"
"livedata","android-livedata"
"ng-include","angularjs-ng-include"
"glide-image-library","android-glide"
"type-library","typelib"
"typelibrary","typelib"
"framelayout","android-framelayout"
"aws-sagemaker","amazon-sagemaker"
"sagemaker","amazon-sagemaker"
"nawk","awk"
"python-dash","plotly-dash"
"helm","kubernetes-helm"
"dash","hyphen"
"sql-tuning","query-optimization"
"query-tuning","query-optimization"
"google-organization-chart","google-visualization"
"google-timeline-chart","google-visualization"
"linqjs","linq.js"
"framework7","html-framework-7"
"toc","tableofcontents"
"workday","workday-api"
"julius","yesod-julius"
"curator","apache-curator"
"vs-2013","visual-studio-2013"
"globalinterpreterlock","gil"
"asan","address-sanitizer"
"asi","automatic-semicolon-insertion"
"markojs","marko"
"specialization","template-specialization"
"aws-sam-local","aws-sam-cli"
"lodash-es","lodash"
"pascal-case","pascalcasing"
"dragging","drag"
"pendrive","usb-drive"
"ai-openscale","watson-openscale"
"throttle","throttling"
"numberpad","numpad"
"ballerinalang","ballerina"
"3d-studio","3ds"
"cloudera-sentry","apache-sentry"
"code-conventions","coding-style"
"konvajs-reactjs","react-konva"
"rdotnet","r.net"
"connectivitymanager","android-connectivitymanager"
"videoview","android-videoview"
"architecture-components","android-architecture-components"
"appcrash","crash"
"patching","patch"
"jetbrains","jetbrains-ide"
"jquery-hover","jquery-events"
"facebook-ar-studio","spark-ar-studio"
"gcd","grand-central-dispatch"
"constraint-layout","android-constraintlayout"
"cartography","maps"
"mawk","awk"
"awk-formatting","awk"
"execution-order","order-of-execution"
"google-cse","google-custom-search"
"delphi-rtl","delphi-run-time-library"
"rtl","register-transfer-level"
"circle","geometry"
"amazon-payments","amazon-pay"
"pure-css","yui-pure-css"
"music-player","audio-player"
"fhir","hl7-fhir"
"pywikipedia","pywikibot"
"trimming","trim"
"multilanguage","multilingual"
"subtract","subtraction"
"fp16","half-precision-float"
"usersettings","settings"
"user-settings","settings"
"altera","intel-fpga"
"wrap-content","android-wrap-content"
"pso","particle-swarm"
"hextiles","hexagonal-tiles"
"gke","google-kubernetes-engine"
"selenium","selenium-webdriver"
"google-bigquery-ml","google-bigquery"
"geographical-information","gis"
"mvcsitemap","mvcsitemapprovider"
"infer","type-inference"
"flamingo","radiance-flamingo"
"nx","nomachine-nx"
"trash","recycle-bin"
"recycling","recycle"
"gogland","goland"
"self-host","self-hosting"
"android-expansion-files","apk-expansion-files"
"unix-domain-sockets","unix-socket"
"fop","apache-fop"
"google-maps-ios","google-maps-sdk-ios"
"android-navigation-component","android-architecture-navigation"
"bootsector","bootloader"
"qi4j","apache-zest"
"xcode-service","xcode-server"
"access-ef-provider","jet-ef-provider"
"shorten-url","url-shortener"
"free-function","non-member-functions"
"tv","television"
"exams","r-exams"
"edf","european-data-format"
"shinyapps.io","shinyapps"
"angularjs2","angular"
"osx-high-sierra","macos-high-sierra"
"service-fabric","azure-service-fabric"
"createfolder","create-directory"
"shared-folders","shared-directory"
"folder-structure","directory-structure"
"current-working-directory","working-directory"
"current-dir","working-directory"
"working-folder","working-directory"
"subdirectories","subdirectory"
"subfolder","subdirectory"
"folder","directory"
"folders","directory"
"one-hot","one-hot-encoding"
"xmldoc","xml-documentation"
"sqlite3","sqlite"
"copyfile","file-copying"
"gmpl","mathprog"
"gnu-mathprog","mathprog"
"integration-tests","integration-testing"
"appcompat","android-appcompat"
"discord.py-rewrite","discord.py"
"android-textview","textview"
"shp","shapefile"
"gui-thread","ui-thread"
"lotusrb","hanami"
"redshift","amazon-redshift"
"object-database","object-oriented-database"
"oodbms","object-oriented-database"
"thorntail","wildfly-swarm"
"php-mysqli","mysqli"
"pos-tagging","pos-tagger"
"whisker","boxplot"
"ssis-development","ssis"
"aci","azure-container-instances"
"aws-cloudfront","amazon-cloudfront"
"aws-cloudwatch","amazon-cloudwatch"
"opsworks","aws-opsworks"
"amazon-sdk","aws-sdk"
"aws-sdk-php","aws-php-sdk"
"awsiossdk","aws-sdk-ios"
"repetition","repeat"
"ec2-container-service","amazon-ecs"
"cirrus","adobe-cirrus"
"html-form","forms"
"prestosql","presto"
"html5","html"
"time-tag","html"
"dagger-android","dagger"
"dagger.android","dagger"
"xhtml5","xhtml"
"relay","relayjs"
"pytesseract","python-tesseract"
"quilljs","quill"
"64bit","64-bit"
"128bit","128-bit"
"24bit","24-bit"
"8bit","8-bit"
"7bit","7-bit"
"tracing","trace"
"echo-framework","go-echo"
"wrapping","word-wrap"
"textwrapping","word-wrap"
"linewrap","word-wrap"
"subdirs","subdirectory"
"cq5","aem"
"bcl","base-class-library"
"project-centennial","desktop-bridge"
"ontouchevent","touch-event"
"http-basic-authentication","basic-authentication"
"shortcut-key","keyboard-shortcuts"
"cep","complex-event-processing"
"conditions","conditional-statements"
"conditionals","conditional-statements"
"condition","conditional-statements"
"sin","trigonometry"
"sine","trigonometry"
"cosine","trigonometry"
"cos","trigonometry"
"tan","trigonometry"
"yosemite","osx-yosemite"
"gradients","gradient"
"backbone-collections","backbone.js-collections"
"vibrate","vibration"
"32bit","32-bit"
"16bit","16-bit"
"specfiles","rpm-spec"
"snap-package","snapcraft"
"esa-snap","sentinel-application-platform"
"modelsim","questasim"
"nowjs","vercel"
"sqlprofiler","sql-server-profiler"
"julian","julian-date"
"okhttpclient","okhttp"
"css-border-image","css"
"css-border-radius","css"
"css-box-shadow","css"
"css-text-shadow","css"
"css3","css"
"css-text-overflow","css"
"pixijs","pixi.js"
"keyframe","css-animations"
"uncaught-typeerror","typeerror"
"downloading","download"
"hls","http-live-streaming"
"typo3-neos","neoscms"
"splash","splash-screen"
"gml","game-maker"
"game-maker-language","game-maker"
"google-contacts","google-contacts-api"
"google-analytics-v4","google-analytics-firebase"
"google-analytics-android","google-analytics-firebase"
"java-module","java-platform-module-system"
"meeting","meeting-request"
"lsl","linden-scripting-language"
"secondlife","linden-scripting-language"
"turing","turing-machines"
"smartfox","smartfoxserver"
"http-etag","etag"
"jxa","javascript-automation"
"xml-dtd","dtd"
"android-gradle","android-gradle-plugin"
"tensorflowjs","tensorflow.js"
"lfs","linux-from-scratch"
"mysql-if","mysql"
"mysqli-fetch-array","mysqli"
"ef-core-2.2","entity-framework-core-2.2"
"ceiling","ceil"
"cloud-foundry-bosh","cf-bosh"
"angularjs-digest-cycle","angularjs-digest"
"hsm","hardware-security-module"
"spring-mvc-initbinders","spring-mvc"
"spring-java-config","spring"
"azure-msi","azure-managed-identity"
"s4sdk","sap-cloud-sdk"
"seam-solder","deltaspike"
"multidex","android-multidex"
"pubsubhubbub","websub"
"bpms","business-process-management"
"bpm","business-process-management"
"slick-slider","slick.js"
"webdb","web-sql"
"advertisement","ads"
"advertising","ads"
"adserver","advertisement-server"
"virtual-method","virtual-functions"
"cakephp-appmodel","cakephp-model"
"uiautomator","android-uiautomator"
"android-navigation-drawer","navigation-drawer"
"client-scripting","client-side"
"partial-function-application","partial-application"
"fixed-point-combinators","fixpoint-combinators"
"alertdialog","android-alertdialog"
"jwt-auth","jwt"
"gz","gzip"
"azure-function-app","azure-functions"
"proj4","proj"
"man","manpage"
"cxx","c++"
"artemis","activemq-artemis"
"appcompat-v7","android-appcompat"
"appcompat-v7-r21","android-appcompat"
"appcompat-v7-r22.1","android-appcompat"
"appcompat-v7-r22.2","android-appcompat"
"appcompat-v7-r23","android-appcompat"
"appcompat-v7-r23.1","android-appcompat"
"appcompat-v7-r23.2","android-appcompat"
"appcompat-v7-r24","android-appcompat"
"appcompat-v7-r25","android-appcompat"
"data-cleansing","data-cleaning"
"client-object-model","sharepoint-clientobject"
"docker-on-windows","docker-for-windows"
"docker-windows","docker-for-windows"
"mint","linux-mint"
"php-ffmpeg","ffmpeg-php"
"ami","amazon-ami"
"web-audio","web-audio-api"
"hg-convert","mercurial-convert"
"machine-config","machine.config"
"google-script","google-apps-script"
"allow-same-origin","same-origin-policy"
"jeasyui","jquery-easyui"
"ibm-personal-communications","ibm-pcomm"
"pop-up","popup"
"twiml","twilio-twiml"
"rnfirebase","react-native-firebase"
"mathdotnet","math.net"
"sqlparameters","sqlparameter"
"format-string","format-specifiers"
"npmjs","npm"
"okhttp3","okhttp"
"python-bigquery","google-bigquery"
"bigquery-ml","google-bigquery"
"bigquery-standard-sql","google-bigquery"
"celementtree","elementtree"
"asyncio","python-asyncio"
"chrome-mobile","mobile-chrome"
"perl5","perl"
"riotjs","riot.js"
"flatzinc","minizinc"
"androidq","android-10.0"
"android-10.0-q","android-10.0"
"relativelayout","android-relativelayout"
"confluent-kafka","confluent-platform"
"confluent","confluent-platform"
"ibm-cloud-private-for-data","cloud-pak-for-data"
"google-drive-api-v3","google-drive-api"
"wpfgrid","wpf-grid"
"android-support-design","android-design-library"
"sigsegv","segmentation-fault"
"openid","openid-connect"
"entity-relationship-model","entity-relationship"
"cloudera","hortonworks-data-platform"
"salesforce-commerce-cloud","demandware"
"meson","meson-build"
"rakudo","raku"
"snowflake","snowflake-cloud-data-platform"
".obj","wavefront"
"pycorenlp","stanford-nlp"
"slam","slam-algorithm"
"android-bottom-nav-view","android-bottomnav"
"android-bottomnavigationview","android-bottomnav"
"air-native-extension","ane"
"azure-search","azure-cognitive-search"
"bigquery","google-bigquery"
"google-app-engine-python","google-app-engine"
"aws-ebs","amazon-ebs"
"mulesoft","mule"
"mule-esb","mule"
"esp32","esp8266"
"infrastructure-as-a-code","infrastructure-as-code"
"beanstalk","amazon-elastic-beanstalk"
"reflect","reflection"
"statefulset","kubernetes-statefulset"
"pbac","abac"
"alfa","xacml"
"xcode11.2","xcode11"
"google-iam","google-cloud-iam"
"ssm","aws-ssm"
"kinesis","amazon-kinesis"
"ecr","amazon-ecr"
"appstoreconnect","app-store-connect"
"itunesconnect","app-store-connect"
"itunes-connect","app-store-connect"
"template-deduction","template-argument-deduction"
"class-template-argument-deduction","template-argument-deduction"
"atlassian-localstack","localstack"
"kentico-cloud","kentico-kontent"
"kotlinx.serialisation","kotlinx.serialization"
"uinavigation","uinavigationcontroller"
"health-kit","healthkit"
"hit-test","hittest"
"hit-testing","hittest"
"news-feed","feed"
"isotope","jquery-isotope"
"watch-os-2","watchos-2"
"watch-os","watchos"
"watch-os-3","watchos-3"
"watch-os-4","watchos-4"
"watch-os-5","watchos-5"
"watch-os-6","watchos-6"
"watch-os-2-beta3","watchos-2-beta3"
"snowflake-datawarehouse","snowflake-cloud-data-platform"
"snowflake-connector-python","snowflake-cloud-data-platform"
"stackframe","stack-frame"
"aurelia-bundling","aurelia"
"aurelia-testing","aurelia"
"aurelia-ux","aurelia"
"aurelia-form","aurelia"
"open-graph-protocol","facebook-opengraph"
"schtasks.exe","windows-task-scheduler"
"windowstaskschedule","windows-task-scheduler"
"windows-scheduler","windows-task-scheduler"
"schtasks","windows-task-scheduler"
"aws-ecr","amazon-ecr"
"ssr","server-side-rendering"
"serverside-rendering","server-side-rendering"
"htmllayout","layout"
"html-layout","layout"
"perl6","raku"
"ms-flow","power-automate"
"microsoft-flow","power-automate"
"powerautomate","power-automate"
"codeigniter-htaccess",".htaccess"
"admanager","google-ad-manager"
"scalaz-zio","zio"
"entity-framework-core-3.0","ef-core-3.0"
"nullablereferencetypes","nullable-reference-types"
"svg-transform","svg-transforms"
"css-transform","css-transforms"
"asp-net-core","asp.net-core"
"openshift-origin","openshift"
"lazyload","lazy-loading"
"google-linechart","google-visualization"
"dropbox-js","dropbox-sdk-js"
"java-ee","jakarta-ee"
"java-ee-web-profile","jakarta-ee"
"google-php-sdk","google-api-php-client"
"sap-connector","sap-dotnet-connector"
"sap-nco","sap-dotnet-connector"
"microsoft-visual-c++","visual-c++"
"phalconphp","phalcon"
"hdp","hortonworks-data-platform"
"removable-drive","removable-storage"
"popperjs","popper.js"
"svg-image","svg"
"r8","android-r8"
"d8-dexer","android-d8"
"lsm","linux-security-module"
"cstdint","stdint"
"int","integer"
"googlescript","google-apps-script"
"anypoint-studio","mule-studio"
"pixel-shading","fragment-shader"
"generated-columns","calculated-columns"
"google-oauth-python-client","google-api-python-client"
"google-console-developer","google-developers-console"
"phpunit-testing","phpunit"
"processor-architecture","cpu-architecture"
"angularjs-ng-route","ngroute"
"angularjs-routing","ngroute"
"online-radio","internet-radio"
"ef-migrations","entity-framework-migrations"
"system-text-json","system.text.json"
"java.util.random","random"
"lamina","lamina-clojure"
"zend-expressive","mezzio"
"apigility","laminas-api-tools"
"huawei","huawei-mobile-services"
"hms-integration","huawei-mobile-services"
"decorator-pattern","decorator"
"builder-pattern","builder"
"dctm","documentum"
"recycler-adapter","android-recyclerview"
"corvid","velo"
"8-puzzle","sliding-tile-puzzle"
"9-puzzle","sliding-tile-puzzle"
"15-puzzle","sliding-tile-puzzle"
"16-puzzle","sliding-tile-puzzle"
"pyspark-dataframes","pyspark"
"temporal","cadence-workflow"
"hql-hive","hive-query"
"google-cloud-test-lab","firebase-test-lab"
"snowflake-data-warehouse","snowflake-cloud-data-platform"
"bro","zeek"
"efcore","entity-framework-core"
"zeit-now","vercel"
"react.js","reactjs"
"openjdk-8","java-8"
"java-api","java"
"ag-grid-react","ag-grid"
"ag-grid-vue","ag-grid"
"android-jetpack-navigation","android-architecture-navigation"
"wopi","ms-wopi"
"wc-subscriptions","woocommerce-subscriptions"
"zeit","vercel"
"inertia","inertiajs"
"code-comments","comments"
"commenting","comments"
"dfs","depth-first-search"
"ksql","ksqldb"
"numpy-broadcasting","array-broadcasting"
"laravel-stripe","laravel-cashier"
"generic-lambda","lambda"
"spring-reactor","spring-webflux"
"spring-reactive","spring-webflux"
"hms","huawei-mobile-services"
"ui5-library","sapui5"
"sapui5-theming","sapui5"
"sapui5-smarttable","sapui5"
"sapui5-opa","sapui5"
"sapui5-smartfield","sapui5"
"vs-2019","visual-studio-2019"
"google-or-tools","or-tools"
"lambdaexpression","lambda"
"image-morphology","mathematical-morphology"
"hms-drive","huawei-mobile-services"
"hms-health","huawei-mobile-services"
"hms-awareness","huawei-mobile-services"
"hms-scan","huawei-mobile-services"
"hms-nearby","huawei-mobile-services"
"hms-push","huawei-mobile-services"
"hms-location-services","huawei-mobile-services"
"hms-game","huawei-mobile-services"
"hms-fido","huawei-mobile-services"
"hms-safety-detect","huawei-mobile-services"
"hms-map","huawei-mobile-services"
"hms-wallet","huawei-mobile-services"
"hms-site","huawei-mobile-services"
"hms-panorama","huawei-mobile-services"
"hms-mlkit","huawei-mobile-services"
"hms-dynamic-tag-manager","huawei-mobile-services"
"hms-analytics","huawei-mobile-services"
"daysjs","dayjs"
"discordapp","discord"
"vue3","vuejs3"
"ag-grid-enterprise","ag-grid"
"install","installation"
"installer","installation"
"uninstaller","uninstallation"
"uninstall","uninstallation"
"google-direction","google-directions-api"
"urlfetchapp","urlfetch"
"blazor-client-side","blazor-webassembly"
"azure-machine-learning","azure-machine-learning-service"
"bert","bert-language-model"
"box-sizing","css"
"box-shadow","css"
"type-graphql","typegraphql"
"microsoft-graph","microsoft-graph-api"
"google-direction-api","google-directions-api"
"flink-streaming","apache-flink"
"spring-boot-jpa","spring-data-jpa"
"ssd","solid-state-drive"
"diskusage","disk-access"
"const","constants"
"python-turtle","turtle-graphics"
"uva","cuda-uva"
"stanford-stanza","stanford-nlp"
"glove","stanford-nlp"
"execution-api","google-apps-script-api"
"tfs2019","tfs-2019"
"maccatalyst","mac-catalyst"
"serviceextension","unnotificationserviceextension"
"d3.js-v5","d3.js"
"r-plotly","plotly"
"chef","chef-infra"
"leaflet.pm","leaflet-geoman"
"flex-grow","flexbox"
"pulsar","apache-pulsar"
"cordova-9.0.0","cordova9"
"walrus-operator","python-assignment-expression"
"entity-framework-core-3.1","ef-core-3.1"
"gs","google-sheets"
"jigsaw","java-platform-module-system"
"jpms","java-platform-module-system"
"chef12.0","chef-infra"
"tableau","tableau-api"
"tableau-server","tableau-api"
"tableau-online","tableau-api"
"tableau-public","tableau-api"
"es-module","es6-modules"
"mediacodec","android-mediacodec"
"reducers","reduce"
"google-form","google-forms"
"gnu-as","gnu-assembler"
"azure-sql","azure-sql-database"
"flex","flexbox"
"flex-direction","flexbox"
"html-head","html"
"query-performance","query-optimization"
"gapi","google-api-js-client"
"hang","freeze"
"gan","generative-adversarial-network"
"site.master","master-pages"
"gap","gap-system"
"esprima.js","esprima"
"gcal","google-calendar-api"
"admin-sdk","google-admin-sdk"
"tfjs","tensorflow.js"
"google-oauth2","google-oauth"
"multi-factor","multi-factor-authentication"
"mfa","multi-factor-authentication"
"wxpython-phoenix","wxpython"
"tomee","apache-tomee"
"java-date","date"
"parse-cloud","parse-cloud-code"
"google-apps-script-editor","google-apps-script"
"google-apps-script-dashboard","google-apps-script"
"google-apps-script-project","google-apps-script"
"google-apps-script-menu","google-apps-script"
"google-apps-script-runtime","google-apps-script"
"google-apps-script-libraries","google-apps-script"
"nodejs-liveserver","npm-live-server"
"npm-liveserver","npm-live-server"
"concat","concatenation"
"google-sheets-macros","google-apps-script"
"google-maps-direction-api","google-directions-api"
"nsautolayout","autolayout"
"navigationlink","swiftui-navigationlink"
"cppwinrt","c++-winrt"
"kwargs","keyword-argument"
"hilt","dagger-hilt"
"android-jetpack-hilt","dagger-hilt"
"android-hilt","dagger-hilt"
"hilt-dagger","dagger-hilt"
"offline-web-app","web-applications"
"gtm","google-tag-manager"
"google-sheets-custom-function","google-apps-script"
"google-apps-script-addon","google-apps-script"
"gsuite-addons","google-apps-script"
"testdirector","hp-quality-center"
"qc","hp-quality-center"
"gin-gonic","go-gin"
"text-rotating","text-rotation"
"gmail-addons","google-apps-script"
"advanced-google-services","google-apps-script"
"java.time.localdatetime","java-time"
"gorm-mysql","go-gorm"
"auto-rotation","autorotate"
"coinpayments.net","coinpayments-api"
"machine-language","machine-code"
"eks","amazon-eks"
"aws-eks","amazon-eks"
"mui","material-ui"
"laravel-route","laravel-routing"
"swift5.1","swift5"
"swift5.2","swift5"
"swift5.3","swift5"
"laravel-7.x","laravel-7"
"laravel-5.6","laravel-5"
"laravel-6.2","laravel-6"
"wasm","webassembly"
"hdinsight","azure-hdinsight"
"az","azure"
"google-sheets-importxml","google-sheets-formula"
"jakarta-persistence","jpa"
"opencart-events","opencart"
"opencart-module","opencart"
"generic-programming","generics"
"java.time.localtime","java-time"
"hellosign","hellosign-api"
"vue.js-directives","vue-directives"
"vuejs-directive","vue-directives"
"multiplying","multiplication"
"serializer","serialization"
"ms-extensions-logging","microsoft-extensions-logging"
"localdatetime","java-time"
"bootstrap-4.1.x","bootstrap-4"
"twitter-bootstrap-4-beta","bootstrap-4"
"pf-datatable","primefaces-datatable"
"r-df","dataframe"
"pandas-df","dataframe"
"nsis-mui","modern-ui"
"dialogflow","dialogflow-es"
"dialogflow-fulfillment","dialogflow-es-fulfillment"
"katalon","katalon-studio"
"google-calendar-recurring-events","google-calendar-api"
"google-calendar-reminders","google-calendar-api"
"cypher-query","cypher"
"importrange","google-sheets-formula"
"google-sheets-query","google-sheets-formula"
"gs-installable-triggers","google-apps-script"
"google-apps-script-simple-triggers","google-apps-script"
"google-apps-script-web-application","google-apps-script"
"gas-web-app","google-apps-script"
"google-apps-script-html-service","google-apps-script"
"gs-vlookup","google-sheets-formula"
"google-sheets-vlookup","google-sheets-formula"
"google-authentication","google-oauth"
"youtube-javascript-api","youtube-api"
"youtube.net-api","youtube-api"
"google-sheets-conditionalformatting","google-sheets"
"gs-conditional-formatting","google-sheets"
"google-sheets-filter-view","google-sheets"
"google-sheets-charts","google-sheets"
"google-sheets-export-url","google-sheets"
"hcl-notes","lotus-notes"
"rails6","ruby-on-rails-6"
"android-renderscript","renderscript"
"opencv-python","opencv"
"python-youtube-api","youtube-api"
"mongodb-replica-set","replicaset"
"online-learning","online-machine-learning"
"intellij-datagrip","datagrip"
"kubernetes-pvc","persistent-volume-claims"
"eloquent--relationship","eloquent-relationship"
"jenkins--x","jenkins-x"
"composer.json","composer-php"
"mongo-go-driver","mongo-go"
"google-form-quiz","google-forms"
"javamail","jakarta-mail"
"vsts-sync-migrator","azure-devops-migration-tools"
"microsoft-dynamics-business-central","dynamics-business-central"
"wificonfiguration","wifi"
"802.11","wifi"
"wlan","wifi"
"wireless-connection","wireless"
"azure-devops-pipelines","azure-pipelines"
"revit","revit-api"
"asp.net-blazor","blazor"
"es2018","ecmascript-2018"
"ecmascript-7","ecmascript-2016"
"amazon-alb","aws-application-load-balancer"
"aws-alb","aws-application-load-balancer"
"colab","google-colaboratory"
"caffeine","caffeine-cache"
"babel","babeljs"
"parameterized-query","prepared-statement"
"parameterized-queries","prepared-statement"
"jung2","jung"
"room","android-room"
"flutter-packages","flutter-dependencies"
"elixir-framework","elixir"
"git-commands","git"
"tweenmax","gsap"
"tweenlite","gsap"
"timelinemax","gsap"
"timelinelite","gsap"
"greensock","gsap"
"google-adwords","google-ads-api"
"google-ads","google-ads-api"
"get-event-store","eventstoredb"
"leaflet-draw","leaflet.draw"
"vcard","vcf-vcard"
"vcf","vcf-vcard"
"typescript-types","typescript-typings"
"cnn","conv-neural-network"
"parselivequery","parse-live-query"
"luis","azure-language-understanding"
"azure-luis","azure-language-understanding"
"contribute","adobe-contribute"
"hdc","gdi"
"device-context","gdi"
"sagepay","opayo"
"google-auth-library-nodejs","google-api-nodejs-client"
"gsuite","google-workspace"
"ios-widget","widgetkit"
"swiftui-bug","swiftui"
"google-cloud-monitoring","stackdriver"
"google-cloud-logging","stackdriver"
"google-cloud-stackdriver","stackdriver"
"reduxjs-toolkit","redux-toolkit"
"memsql","singlestore"
"spm","matlab-spm"
"vue-bootstrap","bootstrap-vue"
"artisan","laravel-artisan"
"sensor","sensors"
"kony","temenos-quantum"
"matterjs","matter.js"
"icloudkit","cloudkit"
"islamic-calendar","hijri"
"aws-elasticfilesystem","amazon-efs"
"aws-efs","amazon-efs"
"sap-fiori-elements","sap-fiori"
"webkit-mask","css-mask"
"cypressio","cypress"
"netbeans-12-0","netbeans-12"
"netbeans12.0","netbeans-12"
"labstack-echo","go-echo"
"snowflake-data-masking","snowflake-cloud-data-platform"
"snowsql","snowflake-cloud-data-platform"
"snowflake-task","snowflake-cloud-data-platform"
"snowflake-pipe","snowflake-cloud-data-platform"
"visual-studio-code-extension","vscode-extensions"
"framework3.5",".net-3.5"
"google-reflections","reflections"
"sybase-iq","sap-iq"
"sybase-ase","sap-ase"
"longjmp","setjmp"
"plottable.js","plottable"
"ember-3","ember.js-3"
"ember-2.0.0","ember.js-2"
"cloudfoundry","cloud-foundry"
"pivotal-cloud-foundry","cloud-foundry"
"firebasecrashlytics","crashlytics"
"tf-lite","tensorflow-lite"
"dynamics-crm-portals","powerapps-portal"
"adxstudio-portals","powerapps-portal"
"opencv-contrib","opencv"
"spring-rabbitmq","spring-rabbit"
"alphavantage-api","alpha-vantage"
"alphavantage","alpha-vantage"
"running-total","cumulative-sum"
"kubernetes-pod","kubernetes"
"jest","jestjs"
"iex","elixir-iex"
"sapui5-smart-table","sapui5"
"wixcode","velo"
"isa","instruction-set"
"instruction-set-architecture","instruction-set"
"apache-beam-pipeline","apache-beam"
"hms-core","huawei-mobile-services"
"windows-forms-app","winforms"
"white","white-framework"
"mocha","mocha.js"
"kusto-query-language","kql"
"azure-kusto","azure-data-explorer"
"kusto","azure-data-explorer"
"java-ws","jax-ws"
"shell-trap","shell"
"m1","apple-m1"
"gpu-programming","gpu"
"web-deployment","deployment"
"offsetdatetime","datetimeoffset"
".net-core-5",".net-5"
"android-customtabs","chrome-custom-tabs"
"twa","trusted-web-activity"
"nuxtjs","nuxt.js"
"xamarin.shell","xamarin.forms.shell"
"github-workflow","github-actions"
"reactive-forms","angular-reactive-forms"
"fbprophet","facebook-prophet"
"luis.ai","azure-language-understanding"
"microsoft-bot-framework","botframework"
"adaptive-dialogs","botframework"
"bot-framework-composer","botframework"
"image-zoom","zooming"
"page-zoom","zooming"
"zoomsdk","zoom-sdk"
"zoom-api","zoom-sdk"
"zoom","zoom-sdk"
"sapui5-smartchart","sapui5"
"google-drive-team-drive","google-drive-shared-drive"
"google-dataflow","google-cloud-dataflow"
"ar","augmented-reality"
"command-line-args","command-line-arguments"
"command-line-parsing","command-line-arguments"
"paypal-rest-sdk","paypal"
"ink","rust-ink"
"kotlintest","kotest"
"javascript-audio-api","web-audio-api"
"pypi-regex","python-regex"
"email-integration","email"
"email-injection","email"
"reactor","project-reactor"
"google-gsuite","google-workspace"
"google-cloud-sdk","gcloud"
"borrowing","borrow-checker"
"variable-subsitution","variable-substitution"
"android-jetpack-compose-text","android-compose-textfield"
"google-container-optimized-os","google-container-os"
"snowflake-stream","snowflake-cloud-data-platform"
"google-form-api","google-forms"
"mars","sql-server-mars"
"ado.net-mars","sql-server-mars"
"mongodb-php","php-mongodb"
"firebasefirestore","google-cloud-firestore"
"twitter-bootstrap-5","bootstrap-5"
"scriplets","scriptlet"
"shopify-template","shopify"
"xdp","xdp-pdf"
"gatsbyjs","gatsby"
"open-zeppelin","openzeppelin"
"intel-ifort","intel-fortran"
"cybersecurity","security"
"hybris","sap-commerce-cloud"
"ner","named-entity-recognition"
"amazon-rds-aurora","amazon-aurora"
"aws-aurora","amazon-aurora"
"angular-testing","angular-test"
"stochastic-gradient","sgd"
"grakn","vaticle-typedb"
"typedb","vaticle-typedb"
"graql","vaticle-typeql"
"typeql","vaticle-typeql"
"atomicity","atomic"
"mrpt","mobile-robot-toolkit"
"importlib","python-importlib"
"aurora","amazon-aurora"
"azure-data-factory-pipeline","azure-data-factory"
"azure-integration-runtime","azure-data-factory"
"filepath","path"
"cyclic-dependency","circular-dependency"
"webflux","spring-webflux"
"es2020","ecmascript-2020"
"es2021","ecmascript-2021"
"ssg","static-site-generation"
"es2019","ecmascript-2019"
"es2016","ecmascript-2016"
"firebase-crashlytics-plugin","crashlytics"
"reactjs-native","react-native"
"vtune","intel-vtune"
"redux-reducers","redux"
"firebase-emulator","firebase-tools"
"aws-emr","amazon-emr"
"nexmo","vonage"
"azure-data-flow","azure-data-factory"
"adwords-apiv201402","google-ads-api"
"adwords-api-v201802","google-ads-api"
"adwords-api-v201109","google-ads-api"
"paginate","pagination"
"aws-textract","amazon-textract"
"class-based-views","django-class-based-views"
"stripe-checkout","stripe-payments"
"stripe-api","stripe-payments"
"react-stripe-elements","stripe-payments"
"stripe-subscriptions","stripe-payments"
"stripe-elements","stripe-payments"
"stripe-payout","stripe-payments"
"stripe-invoices","stripe-payments"
"stripe-cli","stripe-payments"
"stripe-webhooks","stripe-payments"
"react-native-stripe-api","stripe-payments"
"stripe-terminal","stripe-payments"
"dj-stripe","stripe-payments"
"stripe-testing","stripe-payments"
"stripe-ruby","stripe-payments"
"stripe-billing","stripe-payments"
"stripe-react-native","stripe-payments"
"laravel-relations","eloquent-relationship"
"laravel-views","laravel-blade"
"guzzlehttp","guzzle"
"pathname","path"
"apache-tinkerpop","tinkerpop"
"rshiny","shiny"
"google-protocol-buffer","protocol-buffers"
"proto","protocol-buffers"
"flux-machine-learning","flux.jl"
"julia-flux","flux.jl"
"visitor","visitor-pattern"
"kotlin-coroutines-flow","kotlin-coroutines"
"kmm","kotlin-multiplatform"
"django-template-filters","django-templates"
"airflow-scheduler","airflow"
"airflow-operator","airflow"
"apache-airflow-xcom","airflow"
"airflow-worker","airflow"
"kotlin-multiplatform-mobile","kotlin-multiplatform"
"gchart","google-visualization"
"dataverse","common-data-service"
"vanilla-typescript","typescript"
"metaflow","netflix-metaflow"
"tcltk","tkinter"
"jason","elixir-jason"
"serverless-application-model","aws-sam"
"pathing","path-finding"
"fhir-questionnaire","hl7-fhir"
"fhir-resource","hl7-fhir"
"fhir-profile","hl7-fhir"
"javascript-fhir","hl7-fhir"
"fhir-base","hl7-fhir"
"hapi-fhir-android-library","hapi-fhir"
"svg-favicon","svg"
"google-people","google-people-api"
"tab-delimited","csv"
"tab-delimited-text","csv"
"delimited-text","csv"
"delimiter-separated-values","csv"
"gitlab-runner","gitlab-ci-runner"
"swift-spm","swift-package-manager"
"dnn-module","dotnetnuke"
"dnn-learning","deep-learning"
"deep-neural-network","deep-learning"
"wordpress-admin","wordpress"
"wordpress-upgrade","wordpress"
"compose.io","compose-db"
"react-native-android","react-native"
"react-native-ios","react-native"
"react-native-web","react-native"
"flutter-sdk","flutter"
"getx","flutter-getx"
"jetbrains-compose","compose-desktop"
"expo-cli","expo"
"playstation-ps4","playstation4"
"phpinfo","php"
"databricks-sql-analytics","databricks-sql"
"aws-glue-spark","aws-glue"
"spacy-pytorch-transformers","spacy-transformers"
"jib-maven-plugin","maven-jib"
"snowflake-sql","snowflake-cloud-data-platform"
"snowflake-xml","snowflake-cloud-data-platform"
"azure-machine-learning-studio","azure-machine-learning-service"
"otp","erlang-otp"
"astra","datastax-astra"
"astra-db","datastax-astra"
"windows-efs","encrypting-file-system"
"elastic-file-system","amazon-efs"
"rdms","rdbms"
"vitejs","vite"
"dse","datastax-enterprise"
"airbnb","airbnb-js-styleguide"
"esm","es6-modules"
"backpack-for-laravel","laravel-backpack"
"makefile-errors","makefile"
"windows-autoplay","autoplay"
"flash-autoplay","autoplay"
"makefile-project","makefile"
"sql-optimization","query-optimization"
"mobx-react-lite","mobx-react"
"aws-glue-workflow","aws-glue"
"go-get","go-toolchain"
"restapi","rest"
"uber-zap","go-zap"
"gee","libgee"
"linux-df","linux-disk-free"
"openjdk-17","java-17"
"openjdk-11","java-11"
"vs2019","visual-studio-2019"
"vs2022","visual-studio-2022"
"gba","game-boy-advance"
"google-webmaster-tools","google-search-console"
"aws-quicksight","amazon-quicksight"
"i386","x86"
"nvim","neovim"
"composable","android-jetpack-compose"
"date-of-birth","date"
"dob","date"
"numerical-analysis","numerical-methods"
"database-update","sql-update"
"swift5.4","swift5"
"swift5.5","swift5"
"dotnetfiddle",".net-fiddle"
"google-profiles-api","google-people-api"
"maping","mapping"
"mongodb-realm","realm"
"realm-mobile-platform","realm"
"realm-database","realm"
"realm-migration","realm"
"realm-cloud","realm"
"html-syntax","html"
"vscode-settings","visual-studio-code"
"spring-aspects","spring-aop"
"multi-caret","caret"
"aks","azure-aks"
"azure-kubernetes-service","azure-aks"
"xmlschema","xsd"
"adobe-launch","adobe-dtm"
"ietf-netmod-yang","yang"
"netconf","ietf-netconf"
"ptree","boost-propertytree"
"native-testing-library","react-native-testing-library"
"loc","lines-of-code"
"context-api","react-context"
"aws-dynamodb","amazon-dynamodb"
"spigot","bukkit"
"al","dynamics-al"
"boxfuse","cloudcaptain"
"endian","endianness"
"mmu","virtual-memory"
"page-tables","virtual-memory"
"fiori-elements","sap-fiori"
".loc","pandas-loc"
"svelte.js","svelte"
"fargate","aws-fargate"
"mat-table","angular-material-table"
"jenkins-declarative-pipeline","jenkins-pipeline"
"config-files","configuration-files"
"selenium-webdriver4","selenium4"
"amazon-s3-bucket","amazon-s3"
"amazon-fargate","aws-fargate"
"webclient-download","webclient"
"mux","gorilla"
"google-login","google-signin"
"googlesigninapi","google-signin"
"mongodb.driver","mongodb-.net-driver"
"ion","android-ion"
"android-aab","android-app-bundle"
"dexiejs","dexie"
"laravel-jobs","laravel-queue"
"args","arguments"
"playwright-dotnet","playwright-sharp"
"add-custom-command","cmake-custom-command"
"list-comparison","list"
"aliases","alias"
"anti-aliasing","antialiasing"
"aliasing","pointer-aliasing"
"android-accessibility","accessibility"
"wdqs","wikidata-query-service"
"gulp-task","gulp"
"nimrod","nim-lang"
"ruby-2.1.3","ruby-2.1"
"ruby-2.1.4","ruby-2.1"
"ruby-2.1.5","ruby-2.1"
"ruby-2.3.1","ruby-2.3"
"ruby-2.3.8","ruby-2.3"
"re","python-re"
"df","dataframe"
"dataflow","google-cloud-dataflow"
"cy.intercept","cypress"
"11ty","eleventy"
"td-engine","tdengine"
"use-state","react-hooks"
"use-effect","react-hooks"
"use-context","react-context"
"member-access-enumeration","member-enumeration"
"management-studio-express","ssms"
"str-replace","replace"
"globals","global"
"wording","terminology"
"wordle","wordle-game"
"project-files","projects-and-solutions"
"brokenimage","broken-image"
"policykit","polkit"
"plasma","kde-plasma"
"drone","drone.io"
"droneci","drone.io"
"kernel-density-kde","kernel-density"
"kde","kde-plasma"
"mapping-by-code","nhibernate-mapping-by-code"
"cmdlets","powershell-cmdlet"
"cmdlet","powershell-cmdlet"
"pscmdlet","powershell-cmdlet"
"dapp","decentralized-applications"
"phpseclib3","phpseclib"
"aws-state-machine","aws-step-functions"
"confluent-rest-proxy","kafka-rest"
"pdfjs","pdf.js"
"desktop-shortcut","shortcut-file"
"ratelimit","rate-limiting"
"multi-term","emacs"
"scatter","scatter-plot"
"msgraph","microsoft-graph-api"
"scoped-mass-assigment","scoped-mass-assignment"
"git-credential-winstore","git-credential-manager"
".net-maui","maui"
"grant","sql-grant"
"seq","sequence"
"airplane","airplane-mode"
"android-coroutine","kotlin-coroutines"
"escapestring","escaping"
"jsonconvert","json.net"
"er-diagrams","erd"
"synchronisation","synchronization"
"synchronize","synchronization"
"knexjs","knex.js"
"knex","knex.js"
"input-sanitization","sanitization"
"hard-coding","hardcode"
"hardcoded","hardcode"
"kotlinx.coroutines.flow","kotlin-flow"
"compliant","standards-compliance"
"grape","ruby-grape"
"grape-api","ruby-grape"
"kafka-cluster","apache-kafka"
"hints","hint"
"scenekit-modelio","apple-model-io"
"wso2carbon","wso2"
"maven-toolchains","maven-toolchains-plugin"
".net-framework-4.8",".net-4.8"
"sap-cloud-platform","sap-business-technology-platform"
"hana-cloud-platform","sap-business-technology-platform"
"geth","go-ethereum"
"ev3","lego-mindstorms-ev3"
"p","p-lang"
"b","b-lang"
"datapersistance","data-persistence"
"hapijs","hapi.js"
"lego","lego-mindstorms"
"mindstorms","lego-mindstorms"
"apptainer","singularity-container"
"iam","identity-management"
"wso2stratos","wso2-stratos"
"wso2cep","wso2-cep"
"wso2bi","wso2-bi"
"wso2es","wso2-es"
"wso2bam","wso2-bam"
"wso2ml","wso2-ml"
"wso2wsas","wso2-wsas"
"wso2as","wso2-as"
"wso2-mgw","wso2-micro-gateway"
"wso2esb","wso2-esb"
"wso2iot","wso2-iot"
"wso2-emm","wso2-iot"
"wso2is","wso2-identity-server"
"wso2-is","wso2-identity-server"
"wso2mi","wso2-micro-integrator"
"wso2-mi","wso2-micro-integrator"
"wso2si","wso2-streaming-integrator"
"wso2-si","wso2-streaming-integrator"
"wso2greg","wso2-governance-registry"
"wso2-greg","wso2-governance-registry"
"wso2developerstudio","wso2-integration-studio"
"integration-studio","wso2-integration-studio"
"wso2dss","wso2-data-services-server"
"wso2-dss","wso2-data-services-server"
"wso2mb","wso2-message-broker"
"wso2-mb","wso2-message-broker"
"wso2ei","wso2-enterprise-integrator"
"wso2-ei","wso2-enterprise-integrator"
"wso2bps","wso2-business-process"
"wso2-bps","wso2-business-process"
"wso2-am","wso2-api-manager"
"wso2-apim","wso2-api-manager"
"wso2cloud","wso2-cloud"
"wso2apicloud","wso2-cloud"
"codesniffer","phpcodesniffer"
"wso2msf4j","wso2-msf4j"
"wso2mss","wso2-msf4j"
"oneapi","intel-oneapi"
"wso2sp","wso2-streaming-integrator"
"oci","oracle-cloud-infrastructure"
"go-packages","go-modules"
"angular-serve","angular-dev-server"
"query-planner","sql-execution-plan"
"ftl","freemarker"
"base-r","r"
"azureml","azure-machine-learning-service"
"coingecko-api","coingecko"
"google-data-api","google-analytics-api"
"google-analytics-data-api","google-analytics-api"
"alpinejs","alpine.js"
"p5js","p5.js"
"criterion","haskell-criterion"
"near","nearprotocol"
"httpverbs","http-verbs"
"react-create-app","create-react-app"
"react-component","reactjs"
"spring-actuator","spring-boot-actuator"
"azure-synapse-link","azure-synapse"
"swiperjs","swiper.js"
"swiper","swiper.js"
"this-keyword","this"
"multiselectlistpreference","android-multiselectlistpreference"
"aws-glue-data-catalog","aws-glue"
"form-recognizer","azure-form-recognizer"
"carbon-language","carbon-lang"
"google-carbon","carbon-lang"
"question-answering","nlp-question-answering"
"hydra-python","fb-hydra"
"alpine","alpine-linux"
"gtm-database-system","gtm-database"
"main","program-entry-point"
"main-function","program-entry-point"
"main-method","program-entry-point"
"matchtemplate","template-matching"
"snowflake-connector","snowflake-cloud-data-platform"
"documentai","cloud-document-ai"
"feathersui","feathers-ui"
"mfmessagecomposeview","mfmessagecomposeviewcontroller"
"pointer-to-member-functions","pointer-to-member"
"noop","no-op"
"nop","no-op"
"member-function-pointers","pointer-to-member"
"flutter-widget","flutter"
"flutter-layout","flutter"
"crosstab","pivot-table"
"micro-assembly-language","mic-1"
"transformer","transformer-model"
"maybe","option-type"
"optional","option-type"
"cra","create-react-app"
"bq","google-bigquery"
"assistive-technology","accessibility"
"anpr","automatic-license-plate-recognition"
"alpr","automatic-license-plate-recognition"
"automatic-number-plate-recognition","automatic-license-plate-recognition"
"vrp","vehicle-routing"
"supabase-auth","supabase"
"poetry","python-poetry"
"text-minning","text-mining"
"stratus","soundcloud-stratus"
"cdktf","terraform-cdk"
"cesium","cesiumjs"
"asgardeo","wso2-asgardeo"
"choreo","wso2-choreo"
"mediarecorder-api","web-mediarecorder"
"use-ref","react-hooks"
"use-reducer","react-hooks"
"useimperativeref","react-hooks"
"react-usememo","react-hooks"
"usecallback","react-hooks"
"integromat","make.com"
"api-management","ibm-api-management"
"api-manager","wso2-api-manager"
"tensorflow2.x","tensorflow2.0"
"rows","row"
"retrypolicy","retry-logic"
"quilt-data","quiltdata"
"data-packages","quiltdata"
"data-wrangling","data-manipulation"
"ihttpclientfactory","httpclientfactory"
"xdp-ebpf","xdp-bpf"
"recommender-systems","recommendation-engine"
"recommendation-system","recommendation-engine"
"google-data-studio","looker-studio"
"kafka-consumer","kafka-consumer-api"
"gitlab-pipelines","gitlab-ci"
"brave-browser","brave"
"synapse","apache-synapse"
"delphi-synapse","ararat-synapse"
"autodesk-platform-services","autodesk-forge"
"tk","tk-toolkit"
"flutter-riverpod","riverpod"
"debounce","debouncing"
"gradle-kts","gradle-kotlin-dsl"
"gdrive","google-drive-api"
"sql-regex","regex"
"kafkacat","kcat"
"variable-product","product-variations"
"product-variants","product-variations"
"azure-sql-server","azure-sql-database"
"rails7","ruby-on-rails-7"
"airflow-webserver","airflow"
"itertools","python-itertools"
"phoenix","apache-phoenix"
"amazon-acm","aws-acm"
"aws-acm-certificate","aws-acm"
"graphserviceclient","microsoft-graph-sdks"
"web-application-design","web-applications"
"dart-sdk","dart"
"xmonad-contrib","xmonad"
"summary-tag","html-tag-summary"
"details-tag","html-tag-details"
"navigation-compose","jetpack-compose-navigation"
"medium.com","medium.com-publishing-api"
"htmlsanitizerapi","html-sanitizer-api"
"azure-sql-data-warehouse","azure-synapse"
"azure-sqldw","azure-synapse"
"azure-sql-pool","azure-synapse"
"azure-eventhub-capture","azure-eventhub"
"azure-machine-learning-workbench","azure-machine-learning-service"
"azure-cosmosdb-sqlapi","azure-cosmosdb"
"azure-cosmosdb-mongoapi","azure-cosmosdb"
"azure-cosmosdb-gremlinapi","azure-cosmosdb"
"azure-cosmosdb-tables","azure-cosmosdb"
"azure-cosmosdb-changefeed","azure-cosmosdb"
"azure-cosmosdb-cassandra-api","azure-cosmosdb"
"azure-cosmosdb-emulator","azure-cosmosdb"
"azure-vm","azure-virtual-machine"
"azure-vm-role","azure-virtual-machine"
"azure-adf","azure-data-factory"
"firebase-storage","google-cloud-storage"
"query-parameters","query-string"
"queryparam","query-string"
"scrapy-settings","scrapy"
"scrapy-item","scrapy"
"scrapy-request","scrapy"
"airflow-celery","airflow"
"chrono","c++-chrono"
"snowpark","snowflake-cloud-data-platform"
"gpt","google-publisher-tag"
"if-this-then-that","ifttt"
"typed-dataset","dataset"
"custom-dataset","dataset"
"python-dataset","dataset"
"parquet-dataset","dataset"
"diesel","rust-diesel"
"feature-policy","http-permissions-policy"
"kafka-topic","apache-kafka"
"kafka-partition","apache-kafka"
"flutter-test","flutter"
"update-statement","sql-update"
"select-case","case"
"columnsorting","sorting"
"split-function","split"
"numpy-indexing","numpy"
"numpy-dtype","numpy"
"generic-list","list"
"azure-database-postgresql","postgresql"
"indexoutofrangeexception","outofrangeexception"
"powerapps-modeldriven","dynamics-crm"
"entity-control-boundary","ecb-pattern"
"pypdf2","pypdf"
"ue5","unreal-engine5"
"openidc","openid-connect"
"dockerfile","docker"
"dart-null-safety","dart"
"spring-boot-cloud-streams","spring-cloud-stream"
"glide","android-glide"
"google-drive-android-api","google-drive-api"
"sql-or","sql"
"sql-and","sql"
"avd","android-virtual-device"
"tfs","azure-devops-server"
"nested-query","subquery"
"nested-queries","subquery"
"hardware-programming","hardware"
"asp.net-core-razor-pages","razor-pages"
"javax.persistence","jpa"
"jakarta.persistence-api","jpa"
"angular-ngfor","ngfor"
"parallel-for","parallel.for"
"dynamics-ax7","dynamics-365-operations"
"flutter-web","flutter"
"flutter-desktop","flutter"
"flutter-ios","flutter"
"flutter-android","flutter"
"google-maps-styled","google-maps-styling"
"scholar","google-scholar"
"rapidapi","paw-app"
"tailwind","tailwind-css"
"cdk","aws-cdk"
"aws-cdk-python","aws-cdk"
"iot-matter","matter-iot-standard"
"base","radix"
"sparx","enterprise-architect"
"athena","amazon-athena"
"chatgpt","openai-api"
"chat-gpt","openai-api"
"openai","openai-api"
"vue-slot","vuejs-slots"
"v-slot","vuejs-slots"
"aws-elasticache","amazon-elasticache"
"aws-load-balancer","amazon-elb"
"aws-fsx-windows","amazon-fsx"
"aws-kinesis","amazon-kinesis"
"amazon-kinesis-analytics-sql","amazon-kinesis-analytics"
"aws-neptune","amazon-neptune"
"amazon-dms","aws-dms"
"amazon-glue","aws-glue"
"aws-systems-manager","aws-ssm"
"amazon-ssm-agent","aws-ssm"
"aws-transcribe","amazon-transcribe"
"firehose","amazon-kinesis-firehose"
"amplify","aws-amplify"
"greengrass","aws-iot-greengrass"
"selling-partner-api","amazon-selling-partner-api"
"amazon-sp-api","amazon-selling-partner-api"
"amz-sp-api","amazon-selling-partner-api"
"rcs-messaging","rich-communications-services"
"firestick","amazon-fire-tv"
"hangouts-api","google-hangouts"
"google-chat-api","google-chat"
"hangouts-chat","google-hangouts"
"hangout","google-hangouts"
"clouddevelopmentkit","aws-cdk"
"fireos","amazon-fire-os"
"borrow","borrow-checker"
"ant-media-server","ant-media-server-sdk"
"building-github-actions","github-actions"
"state-managment","do-not-use-typo-in-tag"
"non-relational-database","nosql"
"linux-development","linux"
"android-compose-button","android-jetpack-compose-button"
"android-compose-canvas","android-jetpack-compose-canvas"
"android-compose-layout","android-jetpack-compose-layout"
"github-actions-workflows","github-actions"
"axes","axis"
"filtering","filter"
"entity-framework-6.2","entity-framework-6"
"entity-framework-6.4","entity-framework-6"
"compiler-constants","compile-time-constant"
"intuit","intuit-partner-platform"
"huggingface","huggingface-transformers"
"phaserjs","phaser-framework"
"listobject","excel-tables"
"s4","r-s4"
"console","terminal"
"fullcalendar-premium","fullcalendar-scheduler"
"pandas-1.x","pandas"
"pandas-2.x","pandas"
"azure-sql-server-managed-instance","azure-sql-managed-instance"
"azure-data-factory-2","azure-data-factory"
"azure-copy-activity","azure-data-factory"
"arm-template","azure-rm-template"
"azure-synapse-analytics","azure-synapse"
"jetpack-compose","android-jetpack-compose"
"sql-standards","sql"
"azure-ad-adal-deprecation","azure-adal-deprecation"
"axis2","apache-axis"
"gin-framework","go-gin"
"arrayofarrays","multidimensional-array"
"stdformat","fmt"
"jetpack-compose-drawscope","android-jetpack-compose-canvas"
"rootstock","rsk"
"hedera","hedera-hashgraph"
"asp.net-minimal-apis","minimal-apis"
"unity3d","unity-game-engine"
"catch-unit-test","catch2"
"wsadmin","websphere"
"sub-array","multidimensional-array"
"cp1252","windows-1252"
"sqlperformance","query-optimization"
"stars","do-not-use-tag-stars"
"material-ui-x","material-ui"
"amazon-api-gateway","aws-api-gateway"
"linkedin","linkedin-api"
"sql-operations-studio","azure-data-studio"
"n1ql","sql++"
"pinescript-v5","pine-script-v5"
"gin","go-gin"
"fbconnect","facebook"
"llm","large-language-model"
"add","addition"
"open-telemetry","otel"
"jakarta-validation","bean-validation"
"tailwindcss-aspect-ratio","tailwind-css"
"sql-data-warehouse","azure-synapse"
"synapse-spark","azure-synapse"
"dataflow-diagram","dfd"
"laravel-models","eloquent"
"probability-distribution","distribution"
"micrometer","spring-micrometer"
"direction","right-to-left"
"opencv4android","opencv"
"cv2","opencv"
"opencvsharp","opencv"
"opencvdotnet","opencv"
"opencv4ios","opencv"
"opencv4nodejs","opencv"
"node-opencv","opencv"
"numeraljs","numeral.js"
"loki","grafana-loki"
"datastax-python-driver","cassandra-python-driver"
"channels","channel"
"alertmanager","prometheus-alertmanager"
"maptools","r-maptools"
"sysadmin","system-administration"
"azure-ai-document-intelligence","azure-form-recognizer"
"azure-ai-metrics-advisor","azure-metrics-advisor"
"azure-ai-speech","azure-speech"
"azure-ai-custom-vision","microsoft-custom-vision"
"azure-ai-anomaly-detector","azure-anomaly-detector"
"azure-ai-language","azure-language-understanding"
"azure-ai-bot-service","azure-bot-service"
"azure-ai-video-indexer","azure-video-indexer"
"angular-ssr","angular-universal"
"ga4","google-analytics-4"
"nextjs13","next.js13"
"stdinitializerlist","initializer-list"
"access-database-engine","ms-access"
"repl.it","replit"
"typetraits","type-traits"
"dynamodb-queries","amazon-dynamodb"
"exceptionhandler","exception"
"cout","iostream"
"cin","iostream"
"google-cloud-gen-app-builder","vertex-ai-search"
"tsql","t-sql"
"scipy.ndimage","ndimage"
"businesscentral","dynamics-business-central"
"alexa-flash-briefing","alexa-flash-briefing-skill"
"ask-smapi-sdk","alexa-smapi"
"alexa-intent","alexa-interaction-model"
"alexa-app","alexa-skills-kit"
"c++-standard-library","std"
"arrayofstring","arrays"
"chararray","arrays"
"array-of-dict","arrays"
"decltype-auto","decltype"
"azure-b2c","azure-ad-b2c"
"pointer-address","pointers"
"calculation","math"
"unsafe-pointers","pointers"
"titanium-sdk","titanium-mobile"
"system.threading.channels","channel"
"404-page","custom-error-pages"
"elrond","multiversx"
"selenium-webdriver-python","selenium-webdriver"
"asp.net-apicontroller","asp.net-web-api"
"firebasemessaging","firebase-cloud-messaging"
"korn","ksh"
"korn-shell","ksh"
"django-filters","django-filter"
"discord-bot","discord"
"jupyter","jupyter-notebook"
"oom","out-of-memory"
"fine-tune","fine-tuning"
"docker-networking","docker-network"
"cp-sat-solver","cp-sat"
"nextauth.js","next-auth"
"python-flet","flet"
"graalpy","graalpython"
"https-redirect","http-redirect"
"csp","content-security-policy"
"astrojs","astro"
"aws-documentdb-mongoapi","aws-documentdb"
"laravel-console","laravel-artisan"
"snowflake-stage","snowflake-cloud-data-platform"
"snowflake-webui","snowflake-cloud-data-platform"
"snowflake-time-travel","snowflake-cloud-data-platform"
"azure-synapse-pipeline","azure-synapse"
"gcloud-cli","gcloud"
"gcs","google-cloud-storage"
"jdbc-named-parameter-template","namedparameterjdbctemplate"
"flutter-provider","flutter"
"flutter-animation","flutter"
"bloc","flutter"
"java-ffm","project-panama"
"ps3","playstation3"
"net-maui","maui"
"ng","angular-cli"
"amazonads","amazon-advertising-api"
"flutter-navigation","flutter"
"flutter-routes","flutter"
"flutter-localizations","flutter"
"flutter-state","flutter"
"flutter-bloc","flutter"
"redirect","http-redirect"
"plotly-python","plotly"
"dbconnect","r-dbconnect"
"pynecone","python-reflex"
"slatejs","slate.js"
"slate-react","react-slate"
"slate","slate.js"
"chrome-cdp","chrome-devtools-protocol"
"javascript-proxy","es6-proxy"
"cobra","cobra-lang"
"swift-data","swiftdata"
"iotdb","apache-iotdb"
"ibm-domino","lotus-domino"
"hcl-domino","lotus-domino"
"jetbrains-rider","rider"
"netlify-cms","decap-cms"
"android-compose","android-jetpack-compose"
"react-refine","refine.js"
"refine.dev","refine.js"
"sieve","sieve-algorithm"
"axum","rust-axum"
"abp.io","abp-framework"
"abp","abp-framework"
"delphi-10.4.2","delphi-10.4-sydney"
"tax-rate","tax"
"codegen","code-generation"
"openjdk-12","java-12"
"openjdk-21","java-21"
"nuxt3","nuxt3.js"
"nuxtjs3","nuxt3.js"
"wsl-2","windows-subsystem-for-linux"
"salted-hash","salt-cryptography"
"salt-stack","salt-project"
"aad-b2c","azure-ad-b2c"
"wss-websocket","websocket"
"redpanda-connect","benthos"
"inferred-type","type-inference"
"swagger-editor","swagger-ui"
"vision","computer-vision"
"centrifuge","centrifugo"
"astradb","datastax-astra"
"cuda-driver","cuda"
"symfony-3.x","symfony3"
"appscript","google-apps-script"
"networking","network-programming"
"dark-theme","darkmode"
"red","red-lang"
"avalonia","avaloniaui"
"intel-mic","xeon-phi"
"bicep","azure-bicep"
"fatjar","uberjar"
"htm","html"
"common-information-model","cim"
"google-sheets-table","google-sheets"
"typeinitializeexception","typeinitializationexception"
"postgres-12","postgresql-12"
"postgres-9.6","postgresql-9.6"
"postgres-9.4","postgresql-9.4"
"postgres-10","postgresql-10"
"postgres-11","postgresql-11"
"postgres-13","postgresql-13"
"postgres-14","postgresql-14"
"postgres-16","postgresql-16"
"yarn-v2","yarnpkg-v2"
"yarn-v3","yarnpkg-v3"
"yarn-v4","yarnpkg-v4"
"ng-modules","angular-module"
"over-clause","window-functions"
"kdb","kdb+"
"azure-yaml-pipelines","azure-pipelines"
"azure-pipelines-yaml","azure-pipelines"
"gsheets","google-sheets"
"concurrent-processing","concurrency"
"tmp","temporary-files"
"temp","temporary-files"
"phaser.js","phaser-framework"
"ms-yarp","microsoft-yarp"
"yarp","microsoft-yarp"
"contactus","contact-form"
"string-concatenation","concatenation"
"tailwind-3","tailwind-css-3"
"coq","rocq-prover"
"libgsl","gsl"
"timefold","optaplanner"
"mcp","model-context-protocol"
"kmp","kotlin-multiplatform"
"cmp","compose-multiplatform"
"misspelling","spelling"
"meta-tags","html-meta"
"hour","time"
"minute","time"
"seconds","time"
"milliseconds","time"
"weekend","date"
"weekday","date"
"date-format","date"
"italics","font-style"
"bold-delphi","delphi-bold"
"underscores","font-style"
"textstyle","font-style"
"text-shadow","font-style"
"rag","retrieval-augmented-generation"
"bold","font-style"
"italic","font-style"
"strikethrough","font-style"
"text-styling","font-style"
"meta","metadata"
"phpoffice-phpspreadsheet","phpspreadsheet"
"counting","count"
"apisix","apache-apisix"
"ui5-tooling","ui5-cli"
"narwhal","narwhal.js"
"localizable.xcstrings","string-catalog"
"xcstrings","string-catalog"
"fulltext-index","full-text-search"
"godbolt","compiler-explorer"
"allowlist","whitelist"
"startprocessinfo","processstartinfo"
"postgres-17","postgresql-17"